VC Firm,Stage,New meetings?,New terms sheets?,Areas of Interest,Check Size,Lead/Co-invest,Notes,Location,Last Modified
,,,,,,,,,
*Disclaimer,,,,,,," User generated list, not moderated by DocSend beyond merging duplicate entries and removing abusive language. This list does not reflect DocSend's views and opinions and we do not guarantee or imply that it's accurate.",,2020-04-17T19:23:20.000Z
** Created by DocSend,,,,Want to add a VC? Go here: https://www.docsend.com/index/active-vc-list/,,,Copyright © 2020 DocSend. All Rights Reserved.,,2020-05-02T22:26:13.000Z
7BC Venture Capital,Series A,Taking new meetings,Offering new term sheets,"AI, FinTech, Software Infrastructure & B2B software",,,,"San Francisco, California, United States",2020-05-02T22:28:13.000Z
406 Ventures,Seed,Taking new meetings,Offering new term sheets,"SaaS, Security, Media/Content, Female Founders",$2M - $5M,"Lead, Co-Invest",,"Boston, Massachusetts, United States",2020-05-02T22:30:08.000Z
Next Ventures,Series A,Taking new meetings,Offering new term sheets,"Minority Founders, E-Commerce, Gaming/Sports, Healthcare, Wellness",$500K-$5M,,Looking at companies with recurring revenue,"London, England, United Kingdom",2020-05-02T22:32:29.000Z
Blossom Capital,Series A,Taking new meetings,Offering new term sheets,,,,,"London, England, United Kingdom",2020-05-02T22:32:29.000Z
General Catalyst,"Seed, Series A, Series B",Taking new meetings,Offering new term sheets,,,,,"Cambridge, Massachusetts, United States",2020-05-02T22:32:29.000Z
Battery Ventures,"Seed, Series A",Taking new meetings,Offering new term sheets,"Application software, IT Infrastructure, consumer internet, IT, tech-enable services",,,,"Boston, Massachusetts, United States",2020-05-02T22:32:29.000Z
Icon Ventures,"Series B, Series C",Taking new meetings,Offering new term sheets,,,,,"Palo Alto, California, United States",2020-05-02T22:32:29.000Z
Sierra Ventures,"Seed, Series A",Taking new meetings,Offering new term sheets,Investing in Next Generation Enterprise and Emerging Technologies,,,More about our Thesis - https://www.sierraventures.com/thesis/,"San Mateo, California, United States",2020-05-02T22:32:29.000Z
AgFunder,"Seed, Series A, Series B",Taking new meetings,Offering new terms sheets in the next 2-4 weeks,Foodtech and Agtech,$50-$5M,,Looking at companies from pre-revenue to 250K+ in MRR,"San Francisco, California, United States",2020-05-02T22:32:29.000Z
AlleyCorp,"Pre-Seed, Seed",Taking new meetings,Offering new term sheets,Industry/Sector Agnostic,$100K-$5M,,Looking at companies from the idea stage to 50K+ in MRR,"New York, New York, United States",2020-05-02T22:32:29.000Z
Arbor Ventures,"Seed, Series A",Taking new meetings,Offering new term sheets,"E-Commerce, Marketplace, Fintech, Insuretech, Cybersecurity, Healthcare, AI/ML",$100K-$10M,"Lead, Co-Invest",Looking at companies from pre-revenue to 500K+ in MRR,"Hong Kong, Hong Kong Island, Hong Kong",2020-05-02T22:32:29.000Z
Big Idea Ventures,Pre-Seed,Taking new meetings,Offering new term sheets,Food/Beverage,$100K-500K,,Looking at companies from pre-product to those that have recurring revenue,"New York, New York, United States",2020-05-02T22:32:29.000Z
Brand Foundry Ventures,"Pre-Seed, Seed",Taking new meetings,Offering new term sheets,"Direct To Consumer, Consumer Software, CPG, Female Founders, E-Commerce, AR/VR, Gaming/Sports, Marketplace, Media and Entertainment, Food/Beverage, Healthcare, Wellness, Future of Work, Sustainability",$500K-$5M,"Lead, Co-Invest",Looking at companies that are pre-revenue,"New York, New York, United States",2020-05-02T22:32:29.000Z
Capital Technologies,"Series B, Series C",Taking new meetings,Offering new term sheets,Industry/Sector Agnostic,$5M-$10M+,,Looking at companies with recurring revenue with  500k+ in MRR,"New York, New York, United States",2020-05-02T22:32:29.000Z
Civilization Ventures,"Seed, Series A",Taking new meetings,Offering new term sheets,BioTech/Healthcare,,Lead,Typically the lead investor of the first institutional round for a company,"San Francisco, California, United States",2020-05-02T22:32:29.000Z
Comcast Ventures,"Pre-Seed, Seed",Taking new meetings,Offering new term sheets,"Direct To Consumer, Consumer Software, CPG, E-Commerce, Marketplace, PropTech, Social Media, Fintech, Insuretech, Food/Beverage, Healthcare, Wellness, Future of Work, Mobility, Sustainability",$50-$10M+,"Lead, Co-Invest",Looking at companies from the pre-product stage through to those with 500k+ in MRR,"San Francisco, California, United States",2020-05-02T22:32:29.000Z
Contour Ventures,Seed,Taking new meetings,Offering new term sheets,Fintech/SaaS/Digital Media,$500K-$5M,Lead,Looking at in the B2B/SaaS space,"New York, New York, United States",2020-05-02T22:32:29.000Z
Creative Ventures,Seed,Taking new meetings,Offering new term sheets,"Enterprise Software, AR/VR, Food/Beverage, Hardware, Healthcare, Mobility, Sustainability, AI/ML, Life Sciences",$50-$5M,,Looking at companies from pre-product to those that have shown product-market fit,"San Francisco, California, United States",2020-05-02T22:32:29.000Z
Darling Ventures,"Pre-Seed, Seed",Taking new meetings,Offering new term sheets,"Enterprise Software, Minority Founders, Female Founders, PropTech, Social Impact, Legal, Fintech, Insuretech, Healthcare, Future of Work, Mobility, Sustainability, Life Sciences, Cloud Computing, AI/ML",$100K-500K,,Looking at companies from pre-revenue to those with 500K+ in MRR,"San Francisco, California, United States",2020-05-02T22:32:29.000Z
Data Point Capital,Series A,Taking new meetings,Offering new term sheets,"Direct To Consumer, Enterprise Software, E-Commerce, Marketplace, Fintech, Cybersecurity, AI/ML",$1M-5M,,Looking at companies with 100K+ in MRR,"Boston, Massachusetts, United States",2020-05-02T22:32:29.000Z
EchoVC Partners,"Seed, Series A, Series B",Taking new meetings,Offering new term sheets,"Industry/Sector Agnostic, Minority Founders, Female Founders",$50-$5M,"Lead, Co-Invest",Looking at companies who have shown product-market fit to those with 15K+ in MRR,"Lagos, Lagos, Nigeria",2020-05-02T22:32:29.000Z
Empowerment Capital,Series A,Taking new meetings,Offering new term sheets,Industry/Sector Agnostic,$100K-$5M,,Looking at companies with recurring revenue up to 250K+ in MRR,"New York, New York, United States",2020-05-02T22:32:29.000Z
Evolution VC Partners,"Seed, Series A, Series B",Taking new meetings,Offering new term sheets,Industry/Sector Agnostic,$50-$1M,,Looking at companies with recurring revenue up to 250K+ in MRR,"New York, New York, United States",2020-05-02T22:32:29.000Z
Fin VC,"Seed, Series A, Series B",Taking new meetings,Offering new term sheets,"Enterprise Software, PropTech, Fintech, Insuretech, Cloud Computing, AI/ML, FinTech - b2b & SaaS Focus",$50-$10M+,"Lead, Co-Invest",Looking at companies with recurring revenue up to 100K+ in MRR,"San Francisco, California, United States",2020-05-02T22:32:29.000Z
Forefront Venture Partners,"Seed, Series A",Taking new meetings,Offering new term sheets,Industry/Sector Agnostic,$500K-1M,,Looking at companies that are pre-product to those that have shown product-market fit,"Boca Raton, Florida, United States",2020-05-02T22:32:29.000Z
Fusion Fund,"Pre-Seed, Seed, Series A",Taking new meetings,Offering new term sheets,"Enterprise Software, Insuretech, Cybersecurity, Healthcare, Future of Work, Mobility, Cloud Computing, AI/ML",$100K-$5M,,Looking at companies from pre-revenue to 15K+ in MRR,"Palo Alto, California, United States",2020-05-02T22:32:29.000Z
Future Ventures,"Pre-Seed, Seed, Series A, Series B",Taking new meetings,Offering new term sheets,"Industry/Sector Agnostic, Hardware, Fintech, Future of Work, Mobility, Sustainability, Life Sciences, Cloud Computing, AI/ML",$100K-$10M,,Looking at companies from the idea stage to those with recurring revenue,"San Francisco, California, United States",2020-05-02T22:32:29.000Z
Genesis Investments,"Pre-Seed, Seed",Taking new meetings,Offering new term sheets,"Enterprise Software, Consumer Software, Female Founders, E-Commerce, Adtech, Gaming/Sports, Marketplace, Social Media, Media and Entertainment, Insuretech, Healthcare, Wellness, HR, Education, Future of Work, AI/ML",$100K-500K,,Looking at companies from pre-revenue to those with 15K+ in MRR,"Kiev, Kyyivs'ka Oblast', Ukraine",2020-05-02T22:32:29.000Z
Germin8 Ventures,"Seed, Series A",Taking new meetings,Offering new term sheets,"Food/Beverage, Sustainability, Life Sciences",$100K-$1M,,Looking at companies from pre-revenue to 500K+ in MRR,"Chicago, Illinois, United States",2020-05-02T22:32:29.000Z
Glasswing Ventures,"Pre-Seed, Seed",Taking new meetings,Offering new term sheets,"Industry/Sector Agnostic, Enterprise Software, CPG, Minority Founders, Female Founders, E-Commerce, Adtech, AR/VR, Gaming/Sports, Marketplace, Media and Entertainment, Legal, Fintech, Insuretech, Safety, Cybersecurity, HR, Future of Work, Mobility, Cloud Computing, AI/ML",$100K-$5M,,Looking at companies from the idea stage to those with 100K+ in MRR,"Boston, Massachusetts, United States",2020-05-02T22:32:29.000Z
Global Founders Capital,"Pre-Seed, Seed, Series A",Taking new meetings,Offering new term sheets,"Industry/Sector Agnostic, Enterprise Software, CPG, Minority Founders, Female Founders, E-Commerce, Adtech, AR/VR, Gaming/Sports, Marketplace, Media and Entertainment, Legal, Fintech, Insuretech, Safety, Cybersecurity, HR, Future of Work, Mobility, Cloud Computing, AI/ML",$100K-$10M+,"Lead, Co-Invest",Looking at companies from the idea stage to those with 500K+ in MRR,"Berlin, Berlin, Germany",2020-05-02T22:32:29.000Z
Gorilla Capital,"Pre-Seed, Seed",Taking new meetings,Offering new term sheets,"Industry/Sector Agnostic, Enterprise Software, Minority Founders, Female Founders, E-Commerce, Adtech, Marketplace, Legal, Fintech, Insuretech, Safety, Cybersecurity, Public Safety, HR, Future of Work, Mobility, Cloud Computing",$50-$500K,,Looking at companies from pre-revenue to 50K+ in MRR,"Helsinki, Finland",2020-05-02T22:32:29.000Z
Greylock Partners,"Pre-Seed, Seed, Series A, Series B",Taking new meetings,Offering new term sheets,"Direct To Consumer, Enterprise Software, Consumer Software, Minority Founders, Female Founders, E-Commerce, Adtech, Marketplace, Social Media, Fintech, Cybersecurity, Healthcare, HR, Mobility, Cloud Computing, AI/ML",$100K-$10M+,"Lead, Co-Invest",Looking at companies from the idea stage to those with 500K+ in MRR,"Menlo Park, California, United States",2020-05-02T22:32:29.000Z
IDEA Fund Partners,"Seed, Series A",Taking new meetings,Offering new term sheets,Industry/Sector Agnostic,$500K-$5M,"Lead, Co-Invest",Looking at companies with 15K to 100K+ in MRR,"Durham, North Carolina, United States",2020-05-02T22:32:29.000Z
Impact Engine,"Seed, Series A",Taking new meetings,Offering new term sheets,"Enterprise Software, Social Impact, Fintech, Healthcare, HR, Education, Future of Work, Sustainability",$100K-500K,Co-Invest,Looking at companies with 15K to 250K+ in MRR,"Chicago, Illinois, United States",2020-05-02T22:32:29.000Z
Javelin Venture Partners,"Seed, Series A",Taking new meetings,Offering new term sheets,"Enterprise Software, Consumer Software, Gaming/Sports, Marketplace, PropTech, Legal, Fintech, Insuretech, Education, Future of Work",$1M-5M,"Lead, Co-Invest",Looking at companies from 15K+ to 500K+ in MRR,"San Francisco, California, United States",2020-05-02T22:32:29.000Z
Konvoy Ventures,"Pre-Seed, Seed",Taking new meetings,Offering new term sheets,"Gaming/Sports, Media and Entertainment",$100K-$1M,,Looking at companies from pre-revenue to 250K+ in MRR,"Denver, Colorado, United States",2020-05-02T22:32:29.000Z
Marigold Capital,"Seed, Series A",Taking new meetings,Offering new term sheets,"Enterprise Software, Consumer Software, CPG, Minority Founders, Female Founders, Social Impact, Healthcare, Wellness, Education, Future of Work, Mobility, Sustainability",$100K-$1M,,Looking at companies with 15K to 50K+ in MRR,"Toronto, Ontario, Canada",2020-05-02T22:32:29.000Z
Matrix Partners,"Pre-Seed, Seed, Series A",Taking new meetings,Offering new term sheets,Industry/Sector Agnostic,$100K-$10M,Lead,Looking at companies from the idea stage to those with up to 100K+ in MRR,"San Francisco, California, United States",2020-05-02T22:32:29.000Z
MDC Ventures,"Pre-Seed, Seed, Series A",Taking new meetings,Offering new term sheets,"Direct To Consumer, Enterprise Software, Minority Founders, Female Founders, E-Commerce, Adtech, Lifestyle, Marketplace, Media and Entertainment, Wellness, Future of Work, AI/ML",$100K-$5M,,Looking at companies from pre-product to those with 100K+ in MRR,"New York, New York, United States",2020-05-02T22:32:29.000Z
MetaProp Ventures,"Pre-Seed, Seed, Series A",Taking new meetings,Offering new term sheets,"Enterprise Software, PropTech, Sustainability",$500K-$5M,"Lead, Co-Invest",Looking at companies from the idea stage to those with 500K+ in MRR,"New York, New York, United States",2020-05-02T22:32:29.000Z
Mighty Capital,"Series A, Series B, Series C",Taking new meetings,Offering new term sheets,"Enterprise Software, Consumer Software, E-Commerce, Adtech, Gaming/Sports, Marketplace, PropTech, Media and Entertainment, Fintech, Insuretech, Safety, Cybersecurity, Healthcare, Wellness, Education, Future of Work, Life Sciences, Cloud Computing, AI/ML",$500K-1M,Co-Invest,Looking at companies with 00K to 5000K+ in MRR,"San Francisco, California, United States",2020-05-02T22:32:29.000Z
Neue Fund,"Pre-Seed, Seed, Series A",Taking new meetings,Offering new term sheets,"Social Impact, Healthcare, Wellness, HR, Education, Sustainability, Life Sciences",$50-100K,,Looking at companies from pre-revenue to 100K+ in MRR,"Miami Beach, Florida, United States",2020-05-02T22:32:29.000Z
Wing VC,"Seed, Series A",Taking new meetings,Offering new term sheets,"Enterprise Software, Future of Work, Cloud Computing, AI/ML",$500K-$10M,,Looking at companies from pre-revenue to those that have 500K+ in MRR,"Menlo Park, California, United States",2020-05-02T22:32:29.000Z
Nine Four Ventures ,"Seed, Series A, Series B",Taking new meetings,Offering new term sheets,"PropTech, Fintech, Insuretech",$100K-$10M+,"Lead, Co-Invest",Looking at companies that have shown product market fit to those with up to 500K+ in MRR,"Chicago, Illinois, United States",2020-05-02T22:32:29.000Z
Open Prairie Rural Opportunities Fund,"Series A, Series B",Taking new meetings,Offering new term sheets,"Food/Beverage, Life Sciences",$1M-$10M,,Looking at companies with 500K+ in MRR,"Champaign, Illinois, United States",2020-05-02T22:32:29.000Z
Pear VC,"Pre-Seed, Seed, Series A",Taking new meetings,Offering new term sheets,Industry/Sector Agnostic,$100K-$5M,,Looking at companies from the idea stage to those with recurring revenue up to 250K+ in MRR,"Palo Alto, California, United States",2020-05-02T22:32:29.000Z
Pelion Venture Partners,"Seed, Series A, Series B",Taking new meetings,Offering new term sheets,"Direct To Consumer, Enterprise Software, Consumer Software, E-Commerce, Gaming/Sports, Marketplace, Fintech, Insuretech, Cybersecurity, Cloud Computing",$500K-$10M,,Looking at companies that are pre-revenue to those that have shown product-market fit,"Salt Lake City, Utah, United States",2020-05-02T22:32:29.000Z
Plum Alley Ventures,"Series A, Series B",Taking new meetings,Offering new term sheets,"Enterprise Software, Female Founders, AR/VR, Hardware, Public Safety, Healthcare, Education, Sustainability, Life Sciences, Cloud Computing, AI/ML",$500K-$5M,,Looking at companies with recurring revenue up to 500K+ in MRR,"New York, New York, United States",2020-05-02T22:32:29.000Z
R3i Ventures LLC,"Pre-Seed, Seed, Series A",Taking new meetings,Offering new term sheets,"Enterprise Software, Female Founders, AR/VR, PropTech, Hardware, Fintech, Insuretech, Cybersecurity, Public Safety, Healthcare, Cloud Computing, AI/ML",$50-$1M,,Looking at companies from the idea stage to 50K+ in MRR,"Singapore, Central Region, Singapore",2020-05-02T22:32:29.000Z
Rebel Fund ,Seed,Taking new meetings,Offering new term sheets,Industry/Sector Agnostic,$100K-$1M,Co-Invest,Looking at companies with recurring revenue,"San Francisco, California, United States",2020-05-02T22:32:29.000Z
Red Sea Ventures,"Pre-Seed, Seed",Taking new meetings,Offering new term sheets,"Industry/Sector Agnostic, Direct To Consumer, Enterprise Software, Consumer Software, CPG, Minority Founders, Female Founders, E-Commerce, Lifestyle, AR/VR, Gaming/Sports, Marketplace, PropTech, Social Media, Hardware, Media and Entertainment, Social Impact, Legal, Fintech, Insuretech, Safety, Cybersecurity, Public Safety, Food/Beverage, Healthcare, Wellness, HR, Education, Future of Work, Mobility, Sustainability, Life Sciences, AI/ML",$500K-1M,,Looking at companies from idea stage through to those with 250K+ in MRR,"New York, New York, United States",2020-05-02T22:32:29.000Z
Rhino Ventures,"Seed, Series A",Taking new meetings,Offering new term sheets,"Industry/Sector Agnostic, Direct To Consumer, Enterprise Software, Consumer Software, Minority Founders, Female Founders, E-Commerce, Adtech, Gaming/Sports, Marketplace, PropTech, Social Impact, Legal, Fintech, Insuretech, Food/Beverage, Healthcare, Wellness, HR, Education, Future of Work",$1M-$5M,,Looking at companies that have shown product market fit to those with up to 500K+ in MRR,"Vancouver, British Columbia, Canada",2020-05-02T22:32:29.000Z
Robin Hood Ventures,"Seed, Series A",Taking new meetings,Offering new term sheets,"Industry/Sector Agnostic, Direct To Consumer, Enterprise Software, Consumer Software, Minority Founders, Female Founders, E-Commerce, Adtech, AR/VR, Marketplace, PropTech, Social Media, Hardware, Fintech, Insuretech, Cybersecurity, Public Safety, Healthcare, HR, Education, Future of Work, Mobility, Sustainability, Life Sciences, Cloud Computing, AI/ML",$100K-$1M,,Looking at companies from pre-revenue to those with recurring revenue,"Philadelphia, Pennsylvania, United States",2020-05-02T22:32:29.000Z
Rocana Ventures,"Series A, Series B",Taking new meetings,Offering new term sheets,"Direct To Consumer, CPG, AR/VR, Hardware, Food/Beverage, Wellness, Mobility",$100K-$5M,,Looking at companies with 100K+ in MRR,"California, Kentucky, United States",2020-05-02T22:32:29.000Z
Romulus Capital,"Pre-Seed, Seed, Series A",Taking new meetings,Offering new term sheets,"Enterprise Software, E-Commerce, Adtech, Marketplace, PropTech, Hardware, Media and Entertainment, Legal, Fintech, Insuretech, Safety, Cybersecurity, Public Safety, Food/Beverage, Healthcare, Education, Future of Work, Mobility, Sustainability, Cloud Computing, AI/ML",$100K-$10M+,"Lead, Co-Invest",Looking at companies from pre-revenue to 250K+ in MRR,"Cambridge, Massachusetts, United States",2020-05-02T22:32:29.000Z
Runway Venture Partners,Series A,Taking new meetings,Offering new term sheets,"Enterprise Software, PropTech, Fintech, Insuretech, Healthcare, AI/ML",$500K-1M,,Looking at companies 50K+ in MRR,"New York, New York, United States",2020-05-02T22:32:29.000Z
Saola Ventures,"Series A, Series B",Taking new meetings,Offering new term sheets,"Consumer Software, CPG, Future of Work, Sustainability",,Co-Invest,Invest in companies with 250K+ in MRR,,2020-05-02T22:32:29.000Z
Sony Innovation Fund,"Seed, Series A, Series B",Taking new meetings,Offering new term sheets,"Industry/Sector Agnostic, Direct To Consumer, Enterprise Software, Consumer Software, AR/VR, Gaming/Sports, Social Media, Hardware, Media and Entertainment, Cybersecurity, Healthcare, Wellness, HR, Education, Future of Work, Mobility, Life Sciences, Cloud Computing, AI/ML",$500K-$5M,Co-Invest,Looking at companies from pre-revenue to 500K+ in MRR,"Tokyo, Tokyo, Japan",2020-05-02T22:32:29.000Z
Spring Mountain Capital,"Series A, Series B",Taking new meetings,Offering new term sheets,"Enterprise Software, E-Commerce, Marketplace, PropTech, Fintech, Insuretech, Future of Work",$1M-$10M,Lead,Looking at companies with 500K+ in MRR,"New York, New York, United States",2020-05-02T22:32:29.000Z
Swing Ventures,Pre-Seed,Taking new meetings,Offering new term sheets,Industry/Sector Agnostic,$50-100K,,Looking at companies who are pre-product and pre-revenue,"New York, New York, United States",2020-05-02T22:32:29.000Z
Tacitus Ventures,"Pre-Seed, Seed, Series A",Taking new meetings,Offering new term sheets,Industry/Sector Agnostic,$50-100K,Co-Invest,Looking at companies from pre-revenue to 500K+ in MRR,,2020-05-02T22:32:29.000Z
The Craftory,"Series B, Series C",Taking new meetings,Offering new term sheets,"Direct To Consumer, CPG, E-Commerce, Food/Beverage",$10M+,Lead,Looking at companies with 500k+ in MRR,"London, England, United Kingdom",2020-05-02T22:32:29.000Z
True Wealth Ventures,Seed,Taking new meetings,Offering new term sheets,"Direct To Consumer, Consumer Software, CPG, Female Founders, E-Commerce, Marketplace, Hardware, Social Impact, Food/Beverage, Healthcare, Wellness, Sustainability",$500K-1M,,Looking at companies from pre-product to those that have 15K+ in MRR,"Austin, Texas, United States",2020-05-02T22:32:29.000Z
Unilever Ventures,"Series A, Series B",Taking new meetings,Offering new term sheets,"Direct To Consumer, Enterprise Software, Consumer Software, CPG, Lifestyle, Social Impact, Healthcare, Wellness, HR, Future of Work, AI/ML",$1M-5M,,Looking at companies that have shown product market fit to those with up to 250K+ in MRR,"London, England, United Kingdom",2020-05-02T22:32:29.000Z
Voice Punch VC,"Pre-Seed, Seed, Series A",Taking new meetings,Offering new term sheets,"Adtech, Lifestyle, AR/VR, Gaming/Sports, Marketplace, PropTech, Social Media, Media and Entertainment, Legal, Fintech, Public Safety, Food/Beverage, Healthcare, Wellness, Education, Future of Work, Mobility, Life Sciences, AI/ML",$100K-500K,,Looking at companies from the idea stage to those with 100K+ in MRR,"Santa Monica, California, United States",2020-05-02T22:32:29.000Z
WIHarper Group,"Series A, Series B",Taking new meetings,Offering new term sheets,"Industry/Sector Agnostic, Enterprise Software, Hardware, Fintech, Insuretech, Mobility, Sustainability, Life Sciences, Cloud Computing, AI/ML",$1M-5M,,Looking at companies that have shown a clear product-market fit,"San Francisco, California, United States",2020-05-02T22:32:29.000Z
Bayes Ventures,"Pre-Seed, Seed",Taking new meetings,Offering new term sheets,"Digital health, B2B, hard tech",,,,"New York, New York, United States",2020-05-02T22:32:29.000Z
Citi Ventures,"Series A, Series B",Taking new meetings,Offering new term sheets,"Fintech, Enterprise, AI, Analytics, Payments, Marketing automation",,,Writes checks from $1M - $10M+,"San Francisco, California, United States",2020-05-02T22:32:29.000Z
Two Sigma Ventures,"Seed, Series A, Series B",Taking new meetings,Offering new term sheets,,,,,"New York, New York, United States",2020-05-02T22:32:29.000Z
Plaza Ventures,"Series A, Series B",Taking new meetings,Offering new term sheets,,,,,"Toronto, Ontario, Canada",2020-05-02T22:32:29.000Z
B Capital Group,"Series A, Series B",Taking new meetings,Offering new term sheets,"AgTech, AI, Cars/Autonomous vehicles, Enterprise, Robotics, SaaS, Distributed Workforce, Healthcare, Marketing automation, Retail",,,"Writes checks from $3M to $10M+, looking at companies who have achieved early traction with customers and have reached a point of rapid growth","Manhattan Beach, California, United States",2020-05-02T22:32:29.000Z
Candy Ventures,"Seed, Series A",Taking new meetings,Unknown if offering term sheets,,,,,"Luxembourg, Luxembourg, Luxembourg",2020-05-02T22:32:29.000Z
Runa Capital,"Series A, Series B",Taking new meetings,Offering new term sheets,"B2B SaaS, machine intelligence, complex software, IT, fintech, edtech, and digital health",$1M - $5M,,,"Palo Alto, California, United States",2020-05-02T22:32:29.000Z
Earnest Capital,Seed,Taking new meetings,Offering new term sheets,,,,,"Jackson St Forest, California, United States",2020-05-02T22:32:29.000Z
Mubadala Capital - Ventures,Series A,Taking new meetings,Offering new term sheets,,,,,"Abu Dhabi, Abu Dhabi, United Arab Emirates",2020-05-02T22:32:29.000Z
Brick & Mortar Ventures,"Seed, Series A",Taking new meetings,Offering new term sheets,"Software and hardware solutions for architecture, engineering, construction and facilities management",,,,"San Francisco, California, United States",2020-05-02T22:32:29.000Z
NorthStar Venture Partners,"Series A, Series B",Taking new meetings,Offering new term sheets,"Direct To Consumer, Enterprise Software, Consumer Software",$1M-$10M+,,Looking at companies from 15K to 500K in MRR,"New York, Southern California, Florida",2020-05-02T22:32:29.000Z
Off The Grid Ventures,"Pre-Seed, Seed",Taking new meetings,Offering new term sheets,"Enterprise Software, Minority Founders, Female Founders, AR/VR, Marketplace, PropTech, Legal, Fintech, Insuretech, Cybersecurity, HR, Education, Future of Work",$50-100K,,Looking at companies from pre-revenue to 500K in MRR,"San Francisco, California, United States",2020-05-02T22:32:29.000Z
Atypical,Pre-Seed,Taking new meetings,Offering new term sheets,"DeepTech, AI/ML, API-first, Cybersecurity",,,,"New York, New York, United States",2020-05-02T22:32:29.000Z
Evolv Ventures,Seed,Taking new meetings,Offering new term sheets,Focused on investments across the food value chain,,,,"Chicago, Illinois, United States",2020-05-02T22:32:29.000Z
Millennium,,Taking new meetings,Offering new term sheets,"Primary and secondary investments, enterprise and deep tech",,,,,2020-05-02T22:32:29.000Z
Valia Ventures,"Seed, Series A",Taking new meetings,Offering new term sheets,,,,,"New York, New York, United States",2020-05-02T22:32:29.000Z
Riot Ventures,"Pre-Seed, Seed",Taking new meetings,Offering new term sheets,"Synthetic data creation for ML, autonomous defense tech, bioengineering & communications infrastructure.",$500k-$1M,,,"Los Angeles, California, United States",2020-05-02T22:32:29.000Z
Dynamk Capital,"Seed, Series A",Taking new meetings,Offering new term sheets," Life Science Industrials only: tools, tech and services for biopharma discovery, development and manufacturing",,,,"New York, New York, United States",2020-05-02T22:32:29.000Z
W Fund,Seed,Taking new meetings,Offering new term sheets,Focused on females/underrepresented founders,,,Looking to make 1-2 seed investments in the next quarter,"Seattle, Washington, United States",2020-05-02T22:32:29.000Z
Navigate Ventures,"Seed, Series A",Taking new meetings,Offering new term sheets,Looking for early/mid growth stage enterprise SaaS companies,$100k-$5M,,,"Beverly Hills, California, United States",2020-05-02T22:32:29.000Z
Canvas Ventures,"Series A, Series B",Taking new meetings,Offering new terms sheets in the next 2-4 weeks,,,,OPen to offering term sheets for the right investment,"Portola Valley, California, United States",2020-05-02T22:32:29.000Z
Work-Bench,"Seed, Series A, Series B, Series C",Taking new meetings,Offering new terms sheets in the next 2-4 weeks,"B2B, Enterprise Software, SaaS",,,,"New York, New York, United States",2020-05-02T22:32:29.000Z
Newfund Capital,Seed,Taking new meetings,Offering new terms sheets in the next 2-4 weeks,Industry/Sector Agnostic,$300k-$2M,,,"Paris, Ile-de-France, France,California and France",2020-05-02T22:32:29.000Z
Morpheus Ventures,"Seed, Series A, Series B",Taking new meetings,Offering new term sheets,,,,,"Los Angeles, California, United States",2020-05-02T22:32:29.000Z
Abstraction Capital,Seed,Taking new meetings,Offering new term sheets,Focused on developer tools and software infrastructure,,,,"Mound City, Kansas, United States",2020-05-02T22:32:29.000Z
ReGen Ventures,Seed,Taking new meetings,Offering new terms sheets in the next 2-4 weeks,Regenerative technology companies with the intention to transform living systems to regenerate our planet within the next 10 years.,,,Actively looking for opportunities to deploy capital,Australia,2020-05-02T22:32:29.000Z
Chrysalix Venture Capital,"Seed, Series A, Series B",Taking new meetings,Offering new term sheets,Industrial Innovation - Intelligent Systems & Resource Productivity,,,,"Vancouver, British Columbia, Canada",2020-05-02T22:33:15.000Z
Energy Impact Partners,"Seed, Series A, Series B",Taking new meetings,Offering new term sheets,,,,,"New York, New York, United States",2020-05-02T22:33:46.000Z
Alpha Square Group,"Series B, Series C",Taking new meetings,Offering new terms sheets in the next 2-4 weeks,"TMT, Healthcare, and Real Estate sectors",,,,"New York, New York, United States",2020-05-02T22:34:51.000Z
Class 5 Global,Seed,Taking new meetings,Offering new term sheets,"Emerging Markets, FinTech, Marketplace, Transportation",,,,"San Francisco, California, United States",2020-05-02T22:36:16.000Z
Illuminate Ventures,Seed,Taking new meetings,Offering new term sheets,"Analytics, Big Data, Cloud Computing, Enterprise Software, Mobile, SaaS",,,,"Oakland, California, United States",2020-05-02T22:58:55.000Z
Maven Ventures,Seed,Taking new meetings,Offering new term sheets,"Consumer Software, Financial Services, Software",,,,"Palo Alto, California, United States",2020-05-02T23:00:09.000Z
nzt.capital,"Pre-Seed, Seed",Taking new meetings,Offering new term sheets,"Angel Investment, Blockchain, Finance, Impact Investing, Information Technology",,,,,2020-05-02T23:00:32.000Z
Work.Fund,"Pre-Seed, Seed",Taking new meetings,Offering new term sheets,"Future of Work, FinTech + HealthTech sectors",,,,"San Francisco, California, United States",2020-05-02T23:44:10.000Z
Outliers VC,"Pre-Seed, Seed",Taking new meetings,Offering new term sheets,,,,Reach out to us at m@outliers.vc,"Riyadh, Saudi Arabia",2020-05-02T23:45:46.000Z
Uncorrelated Ventures,Pre-Seed,Taking new meetings,Offering new term sheets,open source; infrastructure software; crypto,,,Bain Capital spinout,"San Francisco, California, United States",2020-05-02T23:47:09.000Z
SoGal Ventures,"Pre-Seed, Seed, Series A",Taking new meetings,Offering new term sheets,"Direct To Consumer, Enterprise Software, Consumer Software, CPG, Minority Founders, Female Founders, E-Commerce, Lifestyle, Marketplace, Social Impact, Legal, Fintech, Insuretech, Safety, Food/Beverage, Healthcare, Wellness, Future of Work, Mobility, Sustainability, AI/ML",$50-$500K,"Lead, Co-Invest",Looking at companies from the idea stage to those with 500K+ MRR,"New York, New York, United States",2020-05-02T23:51:46.000Z
SleepScore Ventures,"Seed, Series A",Taking new meetings,Offering new terms sheets in the next 2-4 weeks,Sleep product solutions,,,,"Carlsbad, CA, United States",2020-05-02T23:53:09.000Z
Range Ventures,"Seed, Series A",Taking new meetings,Offering new terms sheets in the next 2-4 weeks,Companies based in or with a connection to Colorado,,,,"Denver, Colorado, United States",2020-05-02T23:54:05.000Z
R42 Group,Seed,Taking new meetings,Offering new term sheets,,,"Lead, Co-Invest",,"Stanford, CA United States",2020-05-02T23:55:07.000Z
R3,"Pre-Seed, Seed",Taking new meetings,Offering new term sheets,Enterprise Software,$100K-500K,,Looking at companies from pre-revenue to those with recurring revenue and product-market fit,"Greenwich, CT, United States",2020-05-02T23:56:28.000Z
Quantyzed Capital,,Taking new meetings,Offering new term sheets," Renewable energy, solar, wind, energy storage, electric vehicle tech, battery tech, green hydrogen",,,,"Short Hills, NJ, United States",2020-05-02T23:58:22.000Z
Predictive VC,"Pre-Seed, Seed",Taking new meetings,Offering new term sheets,"Enterprise Software, Minority Founders, Female Founders",$50-$1M,,Looking at companies from pre-product to 500K+ in MRR,"Southern California, Massachusetts",2020-05-03T00:00:51.000Z
Maccabee Ventures,"Pre-Seed, Seed",Taking new meetings,Offering new term sheets,"Enterprise Software, Minority Founders, Female Founders, AR/VR, Marketplace, PropTech, Fintech, Insuretech, Cybersecurity, Healthcare, Education, Future of Work, Mobility, Cloud Computing, AI/ML",$50-$500K,,Looking at companies who have recurring revenue up to 500K+ in MRR,"New York, New York, United States",2020-05-03T00:05:35.000Z
K9 Ventures,Pre-Seed,Taking new meetings,Focusing on current portfolio,,,,,"San Francisco, California, United States",2020-05-03T00:06:13.000Z
K50 Ventures,"Pre-Seed, Seed",Taking new meetings,Offering new term sheets,"Direct To Consumer, Consumer Software, Minority Founders, Female Founders, E-Commerce, Lifestyle, Marketplace, PropTech, Social Impact, Fintech, Food/Beverage, Healthcare, Wellness, HR, Education, Future of Work, Sustainability, AI/ML",$50-100K,,Looking at companies from the idea stage to 100K+ in MRR,"Palo Alto, California, United States",2020-05-03T00:10:00.000Z
Invicta Growth,Series A,Taking new meetings,Offering new term sheets,,,,,"New York, Amsterdam,Amsterdam, Noord-Holland, The Netherlands",2020-05-03T00:11:08.000Z
Grasshopper Capital,"Seed, Series A, Series B",Taking new meetings,Offering new term sheets,"Female Founders, Social Impact, Fintech",$100K-$1M,,Looking at companies with product-market fit,"Wilmington, DE, United States",2020-05-03T00:11:55.000Z
Green Egg Ventures,"Pre-Seed, Seed",Taking new meetings,Offering new term sheets,"Enterprise Software, Adtech, Gaming/Sports, Marketplace, PropTech, Media and Entertainment, Fintech, Insuretech, Cybersecurity, Healthcare, Wellness, HR, Future of Work, Mobility, Cloud Computing, AI/ML",$100K-500K,,Looking at companies from pre-revenue to those with 15K+ in MRR,"New York, New York, United States",2020-05-03T00:12:40.000Z
Green Cow Venture Capital,"Seed, Series A",Focusing on current portfolio,Focusing on current portfolio,Sector agnostic,,,We back dynamic founding teams using greenfield technologies to solve big problems around scarcity and inefficiency ,"San Francisco, California, United States",2020-05-03T00:13:22.000Z
G9 Ventures,"Pre-Seed, Seed",Taking new meetings,Offering new term sheets,"Direct To Consumer, CPG, Minority Founders, Female Founders, E-Commerce, Marketplace, Food/Beverage, Healthcare, Wellness, Future of Work",$50-$500K, Co-Invest,Looking at companies who have recurring revenue up to 50K+ in MRR,"New York, New York, United States",2020-05-03T00:16:40.000Z
Founders.AI,Seed,Taking new meetings,Offering new term sheets,,,,,,2020-05-03T00:16:59.000Z
First Leaf Capital,"Seed, Series A",Taking new meetings,Offering new term sheets,Industry/Sector Agnostic,$100K-$5M,,Looking at companies with recurring revenue up to 500K+ in MRR,"Champaign, IL United States",2020-05-03T00:19:22.000Z
Equation Angels | Southwestern Ontario Angel Group,Seed,Taking new meetings,Offering new term sheets,"Enterprise Software, Minority Founders, Female Founders, PropTech, Hardware, Media and Entertainment, Social Impact, Legal, Fintech, Insuretech, Safety, Cybersecurity, HR, Education, Future of Work, Mobility, Sustainability, Life Sciences, Cloud Computing",$100K-500K,,Looking at companies with recurring revenue from 15K - 50K+ MRR,"Ontario, Canada",2020-05-03T00:20:41.000Z
Endagon Studios,"Pre-Seed, Seed",Taking new meetings,Offering new term sheets,"Enterprise Software, Adtech, Insuretech, HR, Future of Work",$50-100K,,Looking at companies who have recurring revenue,"Pompano Beach, FL, United States",2020-05-03T00:23:10.000Z
Coelius Capital,Seed,Taking new meetings,Offering new term sheets,IT,,,,"San Francisco, California, United States",2020-05-03T00:24:21.000Z
Better Tomorrow Ventures,Seed,Taking new meetings,Offering new term sheets,Fintech,,,BTV is an early stage venture fund focused on building the future of fintech.,"San Mateo, California, United States",2020-05-03T00:25:27.000Z
Arc Ventures,"Seed, Series A, Series B",Taking new meetings,Offering new term sheets,,,,,"San Francisco, California, United States",2020-05-03T00:26:22.000Z
ANIMO Ventures,"Pre-Seed, Seed",Taking new meetings,Offering new term sheets,"Enterprise Software, Consumer Software, Minority Founders, Female Founders, Marketplace, PropTech, Media and Entertainment, Fintech, Insuretech, Healthcare, Wellness, HR, Education, Future of Work",$500K-$5M,,Looking at companies from pre-product to 100K+ in MRR,"Miami, Florida, United States",2020-05-03T00:28:17.000Z
Harlem Capital,"Pre-Seed, Seed",Taking new meetings,Offering new term sheets,"Industry/Sector Agnostic, Minority Founders, Female Founders",$500K-$1M,Lead,Looking at companies that have shown product-market fit,"New York, New York, United States",2020-05-03T18:37:35.000Z
122WEST Ventures,Seed,Taking new meetings,Offering new term sheets,Internet and software,$100k-$750k,Co-Invest,,"San Francisco, California, United States",2020-05-03T18:57:50.000Z
VMG Partners,"Series A, Series B",Taking new meetings,Offering new term sheets,"Direct To Consumer, Consumer Software, CPG, Minority Founders, Female Founders, E-Commerce, Gaming/Sports, Marketplace, Social Media, Media and Entertainment, Fintech, Food/Beverage, Healthcare, Wellness, Education, Future of Work",$5M-$10M+,"Lead, Co-Invest",Looking at companies with product-market fit and 500k+ in MRR,"San Francisco, California, United States",2020-05-04T01:35:17.000Z
Vamos Ventures,"Pre-Seed, Seed, Series A",Taking new meetings,Offering new term sheets,"Industry/Sector Agnostic, Minority Founders, Female Founders, Social Impact",$100K-$1M,,Looking at companies with recurring revenue and product market fit with up to 100K+ in MRR,"Pasadena, California, United States",2020-05-04T01:41:01.000Z
Uncork Capital,Seed,Taking new meetings,Offering new term sheets,"Enterprise Software, Consumer Software, Minority Founders, Female Founders, Marketplace, Hardware, Cybersecurity, Healthcare, Wellness, Education, Future of Work, Cloud Computing, AI/ML",$500K-$5M,"Lead, Co-Invest",Looking at companies from pre-revenue to those that have 15K+ in MRR,"Palo Alto, California, United States",2020-05-04T01:44:08.000Z
LvlUp Ventures,"Pre-Seed, Seed, Series A",Taking meetings within network,Focusing on deals in network,Industry Agnostic,,,,"Pasadena, CA, United States",2020-05-04T14:26:31.000Z
Motivate Ventures,"Pre-Seed, Seed",Taking new meetings,Offering new term sheets,Industry Agnostic,$500k,,,"Chicago, IL, United States",2020-05-04T14:55:49.000Z
Cabot Global Investments,Seed,Taking meetings within network,Focusing on deals in network, Focused on the human capital technology sector,,,,London England,2020-05-04T15:29:24.000Z
Coinstreet Partners,"Seed, Series A, Series B",Taking new meetings,Offering new term sheets,"Blockchain, Cryptocurrency, Financial Services, FinTech",,,,,2020-05-04T15:32:39.000Z
Bridge Ventures,"Seed, Series A, Series B",Taking new meetings,Offering new terms sheets in the next 2-4 weeks,,,,,"Palo Alto, CA United States",2020-05-04T15:34:59.000Z
Heartland Ventures,"Seed, Series A",Taking new meetings,Offering new term sheets," B2B Tech: Manufacturing, Logistics, Construction, HR Tech",,,,"Columbus, OH, United States",2020-05-04T15:37:05.000Z
Woodstock Fund,"Seed, Series A",Taking new meetings,Offering new terms sheets in the next 2-4 weeks,Investment focus is Blockchain and Distributed Ledger Technology space only,,,,,2020-05-04T15:39:25.000Z
Decibel Partners,Seed,Taking new meetings,Offering new term sheets,We focus on early stage B2B software,,,,,2020-05-04T15:41:53.000Z
Maveron,Seed,Taking new meetings,Offering new terms sheets in the next 2-4 weeks, Consumer brand and Consumer tech,,,,"Seattle, San Francisco",2020-05-04T16:31:43.000Z
1Up Ventures,"Seed, Series A",Taking new meetings,Offering new term sheets,"Female Founders, Media and Entertainment",$500K-1M,"Lead, Co-invest",Looking at companies from idea stage through to those that have shown product-market fit ,"Kirkland, Washington",2020-05-04T21:13:45.000Z
500 Startups,Pre-Seed,Taking new meetings,Offering new term sheets,Industry/Sector Agnostic,,"Lead, Co-Invest",,"San Francisco, California, United States",2020-05-04T21:13:52.000Z
1984 Ventures,"Pre-Seed, Seed",Taking new meetings,Offering new term sheets,"Enterprise Software, E-Commerce, Marketplace, PropTech, Fintech, Insuretech, Healthcare, Future of Work, AI/ML",$100K-$1M,"Lead, Co-Invest",Looking at companies from pre-revenue to 100K+ in MRR,"San Francisco, California, United States",2020-05-04T21:13:57.000Z
Acceleprise,Pre-Seed,Taking new meetings,Offering new term sheets,Industry/Sector Agnostic,$50-$1M,"Lead, Co-Invest",Looking at companies from pre-product to 250K+ in MRR,"San Francisco, California, United States",2020-05-04T21:14:08.000Z
Accion Ventures Lab,"Pre-Seed, Seed",Taking new meetings,Offering new term sheets,"Social Impact, Fintech, Insuretech",$100K-$1M,Co-Invest,Looking at companies from pre-revenue to those that have shown product-market fit,"Los Angeles, CA and New York, NY",2020-05-04T21:14:14.000Z
Alchemist Accelerator,"Pre-Seed, Seed, Series A",Taking new meetings,Offering new term sheets,Industry/Sector Agnostic,$50-100K,Co-Invest,Invest in companies from the idea stage to 15K+ in MRR,"San Francisco, California, United States",2020-05-04T21:14:31.000Z
Bain Capital Ventures,"Seed, Series A",Taking new meetings,Offering new term sheets,"SaaS, infrastructure software, security, fintech, proptech, healthcare, commerce and consumer tech",,"Lead, Co-Invest",,"Boston, Massachusetts, United States",2020-05-04T21:14:45.000Z
Ascend Venture Capital,"Pre-Seed, Seed",Taking new meetings,Offering new term sheets,"Enterprise Software, Minority Founders, Female Founders, Gaming/Sports, Marketplace, Fintech, Insuretech, Future of Work",$50-100K,Co-Invest,Looking at companies from pre-revenue to 15K+ in MRR,"Saint Louis, Missouri, United States",2020-05-04T21:14:53.000Z
Betaworks Ventures,"Pre-Seed, Seed",Taking new meetings,Offering new term sheets,"Consumer Software, Minority Founders, Female Founders, Lifestyle, AR/VR, Gaming/Sports, Social Media, Future of Work, AI/ML",$50-$1M,"Lead, Co-Invest",Looking at companies from pre-revenue to 50K+ in MRR,"New York, New York, United States",2020-05-04T21:15:09.000Z
Better Ventures,"Pre-Seed, Seed",Taking new meetings,Offering new term sheets,"Minority Founders, Female Founders, Social Impact, Healthcare, Education, Future of Work, Mobility, Sustainability, Life Sciences, AI/ML",$100K-$1M,Co-Invest,Looking at companies from pre-product to those that have shown product-market fit,"Oakland, California, United States",2020-05-04T21:15:17.000Z
Blue Collective,Pre-Seed,Taking new meetings,Offering new term sheets,Industry/Sector Agnostic,$50-$5M,"Lead, Co-Invest",Looking at companies from the idea stage to those that 50K+ in MRR,"Brooklyn, New York, United States",2020-05-04T21:15:42.000Z
Bowery Capital,Seed,Taking new meetings,Offering new term sheets,,,"Lead, Co-Invest",,"New York, New York, United States",2020-05-04T21:15:44.000Z
Bonfire Ventures,"Pre-Seed, Seed",Taking new meetings,Offering new term sheets,"Enterprise Software, Marketplace, Cybersecurity, Education, Future of Work, Mobility, Cloud Computing, AI/ML",$500K-$5M,"Lead, Co-Invest",Looking at companies from the pre-revenue to those with 15K+ in MRR,"Los Angeles, California, United States",2020-05-04T21:15:44.000Z
Canaan Partners,"Seed, Series A, Series B",Taking new meetings,Offering new term sheets,"Biopharma, Enterprise Applications, FinTech, Health Care, Marketplace, Medical Device",,"Lead, Co-Invest",,"Menlo Park, California, United States",2020-05-04T21:15:59.000Z
Capital Innovators,"Pre-Seed, Seed",Taking new meetings,Offering new term sheets,Industry/Sector Agnostic,$50-$1M,"Lead, Co-Invest",Looking at companies from the pre-revenue to those with 500K+ in MRR,"St Louis, Missouri, United States",2020-05-04T21:16:03.000Z
Collaborative Fund,"Seed, Series A, Series B, Series C",Taking new meetings,Offering new term sheets,,,Co-Invest,,"New York, New York, United States",2020-05-04T21:16:13.000Z
Commerce Ventures,"Seed, Series A",Taking new meetings,Offering new term sheets,"E-Commerce, Insurance, Retail Technology",,Co-Invest,,"San Francisco, California, United States",2020-05-04T21:16:23.000Z
Congruent Ventures,Pre-Seed,Taking new meetings,Offering new term sheets,"Direct To Consumer, Consumer Software, CPG, Minority Founders, Female Founders, Hardware, Fintech, Insuretech, Food/Beverage, Future of Work, Mobility, Sustainability",$100K-$5M,Co-Invest,Looking at companies from the idea stage to those that 500K+ in MRR,"San Francisco, California, United States",2020-05-04T21:16:24.000Z
Corigin Ventures,"Pre-Seed, Seed",Taking new meetings,Offering new term sheets,"Direct To Consumer, Consumer Software, Female Founders, E-Commerce, Lifestyle, Gaming/Sports, Marketplace, PropTech, Social Media, Legal, Fintech, Insuretech, Healthcare, Wellness, Education, Future of Work, Mobility",$100K-$1M,"Lead, Co-Invest",Looking at companies from the idea stage to those that have shown product-market fit,"New York, New York, United States",2020-05-04T21:16:30.000Z
Correlation Ventures,"Seed, Series A",Taking new meetings,Unknown if offering term sheets,,,"Lead, Co-Invest",Can consider rounds in US headquartered companies which have at least one other outside VC. Stage and sector diverse.,"San Diego, California, United States",2020-05-04T21:16:32.000Z
Cowboy Ventures,Seed,Taking new meetings,Offering new term sheets,"Industry/Sector Agnostic, Enterprise Software, Minority Founders, Female Founders, AR/VR, Gaming/Sports, Marketplace, Social Impact, Fintech, Insuretech, Cybersecurity, Wellness, HR, Education, Future of Work",$100K-$1M,Co-Invest,Looking at companies from the idea stage to those that have shown product-market fit,"Palo Alto, California, United States",2020-05-04T21:16:42.000Z
Costanoa Ventures,"Seed, Series A",Taking new meetings,Offering new term sheets,,,Co-Invest,,"Palo Alto, California, United States",2020-05-04T21:16:42.000Z
Crescent Ridge Partners,Pre-Seed,Taking new meetings,Offering new term sheets,"Direct To Consumer, Enterprise Software, Consumer Software, CPG, Minority Founders, Female Founders, E-Commerce, Lifestyle, Hardware, Social Impact, Fintech, Food/Beverage, Healthcare, Wellness, HR, Future of Work, Sustainability, Life Sciences, AI/ML",$50-$500K,"Lead, Co-Invest",Looking at companies from pre-revenue to 500K+ in MRR,"San Diego, California, United States",2020-05-04T21:16:48.000Z
DCM,"Seed, Series A, Series B",Taking new meetings,Offering new term sheets,,,Co-Invest,Primarily focused on seed and Series A investments right now,"Menlo Park, California, United States",2020-05-04T21:16:55.000Z
Differential Ventures,"Pre-Seed, Seed",Taking new meetings,Offering new term sheets,"Enterprise Software, Fintech, Cybersecurity, Future of Work, Cloud Computing, AI/ML",$100K-$1M,,Looking at companies in the B2B space,"New York, New York, United States",2020-05-04T21:16:59.000Z
Designer Fund,Seed,Taking new meetings,Offering new terms sheets in the next 2-4 weeks,,$350k - $1M,Co-Invest,,"San Francisco, California, United States",2020-05-04T21:17:00.000Z
Dreamit Ventures,"Pre-Seed, Seed, Series A",Taking new meetings,Offering new term sheets,"Investing in real estate tech, cybersecurity, and health tech",,Co-Invest,,"New York, New York, United States",2020-05-04T21:17:03.000Z
Emerging Ventures,Seed,Taking new meetings,Offering new term sheets,Emerging Tech,,Co-Invest,,"Owensboro, Kentucky, United States",2020-05-04T21:17:12.000Z
Eniac Ventures,Seed,Taking new meetings,Offering new term sheets,"Enterprise Software, Consumer Software, Minority Founders, Female Founders, AI/ML","$500K-1M, $1M-5M","Lead, Co-Invest",Looking at companies from pre-product to those that have 100K+ in MRR,"New York, New York, United States",2020-05-04T21:17:26.000Z
F-Prime Capital,"Seed, Series A, Series B",Taking new meetings,Offering new term sheets,"Biotechnology, Enterprise, Finance, Financial Services, FinTech, Health Care, Pharmaceutical",,"Lead, Co-Invest",,"Cambridge, Massachusetts, United States",2020-05-04T21:17:35.000Z
Felicis Ventures,Seed,Taking new meetings,Offering new term sheets,"Artificial Intelligence, Cyber Security, Enterprise Software, Finance, Financial Services, FinTech, Health Care, Internet of Things, Logistics, Mobile, Robotics",,Lead,,"Menlo Park, California, United States",2020-05-04T21:17:46.000Z
ff Venture Capital,"Pre-Seed, Seed",Taking new meetings,Offering new term sheets,"Industry/Sector Agnostic, Direct To Consumer, Enterprise Software, Consumer Software, Minority Founders, Female Founders, E-Commerce, Marketplace, PropTech, Fintech, Insuretech, Cybersecurity, HR, Future of Work, Cloud Computing, AI/ML",$100K-$1M,Co-Invest,Looking at companies from pre-revenue to 100K+ in MRR,"New York, New York, United States",2020-05-04T21:17:47.000Z
Fifty Years,"Pre-Seed, Seed",Taking new meetings,Offering new term sheets,Industry/Sector Agnostic,$50-$5M,"Lead, Co-Invest",Looking at companies from the idea stage to 500K+ in MRR,"San Francisco, California, United States",2020-05-04T21:17:59.000Z
Firebolt Ventures,"Seed, Series A",Taking new meetings,Offering new term sheets,,,Co-Invest,Being selective but have made new commitments in the past 14 days,"Menlo Park, California, United States",2020-05-04T21:18:04.000Z
Flying Fish Partners,"Pre-Seed, Seed, Series A",Taking new meetings,Offering new term sheets,AI/ML,$100K-1M,"Lead, Co-Invest",Looking at companies from pre-revenue to 100K+ in MRR,"Seattle, Washington, United States",2020-05-04T21:18:12.000Z
Foundry Group,"Series A, Series B",Taking new meetings,Offering new term sheets,"Direct To Consumer, Enterprise Software, Consumer Software, E-Commerce, Marketplace, Cloud Computing",$1M-$10M+,"Lead, Co-Invest",Looking at companies that have shown product-market fit,"Boulder, Colorado, United States",2020-05-04T21:18:20.000Z
Good News Ventures,"Pre-Seed, Seed",Taking new meetings,Offering new term sheets,"Industry/Sector Agnostic, Enterprise Software, Marketplace, PropTech, Fintech, Insuretech, Cybersecurity, Education, Mobility, Cloud Computing, AI/ML",$100K-500K, Co-Invest,Looking at companies from pre-revenue to those with 100K+ in MRR,"Toronto, Ontario, Canada",2020-05-04T21:18:36.000Z
Greycroft,"Seed, Series A",Taking new meetings,Offering new term sheets,"Direct To Consumer, Enterprise Software, Consumer Software, Minority Founders, Female Founders, E-Commerce, Marketplace, Food/Beverage, Wellness",$500K-$10M,"Lead, Co-Invest",Looking at companies with 15K to 250K+ in MRR,"New York, New York, United States",2020-05-04T21:18:46.000Z
Ground Up Ventures,"Pre-Seed, Seed",Taking new meetings,Offering new term sheets,Industry/Sector Agnostic,$500k, Co-Invest,,"New York, New York, United States",2020-05-04T21:18:54.000Z
Homebrew,Seed,Taking new meetings,Offering new term sheets,,,"Lead, Co-Invest",,"San Francisco, California, United States",2020-05-04T21:19:23.000Z
Hustle Fund,Pre-Seed,Taking new meetings,Offering new term sheets,"Industry/Sector Agnostic, Enterprise Software, Legal, Fintech, Insuretech, Future of Work, Mobility, AI/ML",$50-100K, Co-Invest,Looking at companies from pre-revenue to 500K+ in MRR,"San Carlos, California, United States",2020-05-04T21:21:17.000Z
I2BF Global Ventures,Seed,Taking new meetings,Offering new term sheets,B2B and vertical SaaS,, Co-Invest,,"New York, New York, United States",2020-05-04T21:21:24.000Z
Invest Detroit Ventures,"Pre-Seed, Seed",Taking new meetings,Offering new term sheets,Industry/Sector Agnostic,$50-500K, Co-Invest,Looking at companies from pre-revenue to 15K+ in MRR,"Detroit, Michigan, United States",2020-05-04T21:21:34.000Z
Joyance Partners,"Pre-Seed, Seed",Taking new meetings,Offering new term sheets,"Direct To Consumer, CPG, Minority Founders, Female Founders, AR/VR, Insuretech, Food/Beverage, Healthcare, Wellness, Education, Future of Work, Mobility, Sustainability, Life Sciences",$50-$500K, Co-Invest,Looking at companies from pre-revenue to those who have 500K+ in MRR,"San Francisco, California, United States",2020-05-04T21:21:37.000Z
Jump Capital,"Series A, Series B",Taking new meetings,Offering new term sheets,,, Co-Invest,,"Chicago, Illinois, United States",2020-05-04T21:21:38.000Z
Kindred Ventures,Seed,Taking new meetings,Offering new term sheets,,, Co-Invest,,"San Francisco, California, United States",2020-05-04T21:22:05.000Z
Left Lane Capital,"Series A, Series B",Taking new meetings,Offering new term sheets,"Direct To Consumer, Consumer Software, E-Commerce, Gaming/Sports, Marketplace, Media and Entertainment, Fintech, Insuretech, Healthcare, Wellness, Education",$5M-$10M+,Lead,Looking at companies with product-market fit and 500k+ in MRR,"Brooklyn, New York, United States",2020-05-04T21:22:23.000Z
Lerer Hippeau,"Pre-Seed, Seed",Taking new meetings,Offering new term sheets,,,"Lead, Co-Invest",,"New York, New York, United States",2020-05-04T21:22:24.000Z
M13 Ventures,"Seed, Series A",Taking new meetings,Offering new term sheets,,,"Lead, Co-Invest",,"Santa Monica, California, United States",2020-05-04T21:22:27.000Z
Matchstick Ventures,Seed,Taking new meetings,Offering new term sheets,"AgTech, Enterprise Software, Mobile, Retail Technology, SaaS",,"Lead, Co-Invest",,"Boulder, Colorado, United States",2020-05-04T21:22:39.000Z
New Stack Ventures,"Pre-Seed, Seed",Taking new meetings,Offering new term sheets,Industry/Sector Agnostic,$100K-500K,Co-Invest,Looking at companies from the idea stage to those with 15K+ in MRR,"Chicago, Illinois, United States",2020-05-04T21:23:02.000Z
Norwest Venture Partners,"Seed, Series A, Series B",Taking new meetings,Offering new term sheets,,,"Lead, Co-Invest",,"Palo Alto, California, United States",2020-05-04T21:23:12.000Z
One Way Ventures,"Seed, Series A",Taking new meetings,Offering new term sheets,"Industry/Sector Agnostic, Consumer Software, Minority Founders, Female Founders, E-Commerce, AR/VR, Marketplace, PropTech, Social Media, Hardware, Social Impact, Legal, Fintech, Insuretech, Safety, Cybersecurity, Public Safety, Food/Beverage, Wellness, Education, Future of Work, Mobility, Sustainability, Cloud Computing, AI/ML",$500K-$1M,"Lead, Co-Invest",Looking at companies from pre-revenue to 250k+ in MRR,"Boston, Massachusetts, United States",2020-05-04T21:23:19.000Z
Pasadena Angels ,"Pre-Seed, Seed",Taking new meetings,Offering new term sheets,Industry/Sector Agnostic,$50-$500K,"Lead, Co-Invest",Looking at companies with recurring revenue up to 500K+ in MRR,"Altadena, California, United States",2020-05-04T21:23:26.000Z
Pantera Capital,Seed,Focusing on current portfolio,Focusing on current portfolio,"Blockchain tech, digital currencies",,Co-Invest,,"Menlo Park, California, United States",2020-05-04T21:23:31.000Z
Plug and Play Ventures,"Pre-Seed, Seed",Taking new meetings,Offering new term sheets,"Enterprise Software, Consumer Software, CPG, Minority Founders, Female Founders, E-Commerce, Adtech, Lifestyle, AR/VR, Gaming/Sports, Marketplace, Social Media, Media and Entertainment, Social Impact, AI/ML",$100K-500K,Co-Invest,Looking at companies that have shown product-market fit up to those with 500K+ in MRR,"Sunnyvale, California, United States",2020-05-04T21:23:41.000Z
Precursor Ventures,Pre-Seed,Taking new meetings,Offering new term sheets,"Diverse and first time founders, ",$100k-$250k,Co-Invest,"invest in early-stage companies in the San Francisco Bay Area, New York, and Toronto, first money in","San Francisco, California, United States",2020-05-04T21:23:49.000Z
Quest Venture Partners,"Pre-Seed, Seed",Taking new meetings,Offering new term sheets,,,"Lead, Co-Invest",,"Palo Alto, California, United States",2020-05-04T21:24:00.000Z
Quiet Capital,Seed,Taking new meetings,Offering new term sheets,,,"Lead, Co-Invest",,"New York, New York, United States",2020-05-04T21:24:00.000Z
Revel Partners,"Seed, Series A",Taking new meetings,Offering new term sheets,Industry/Sector Agnostic,$500K-1M,Co-Invest,Looking at companies with recurring revenue,"New York, New York, United States",2020-05-04T21:24:21.000Z
Resolute Ventures,"Pre-Seed, Seed",Taking new meetings,Offering new term sheets,Industry/Sector Agnostic,$100K-$1M,"Lead, Co-Invest",Looking at companies from the idea stage to those with recurring revenue,"San Francisco, California, United States",2020-05-04T21:24:23.000Z
Ridge Ventures,"Seed, Series A",Taking new meetings,Offering new term sheets,,,Co-Invest,,"San Francisco, California, United States",2020-05-04T21:24:34.000Z
Scopus Ventures,Seed,Taking new meetings,Offering new term sheets,"Industry/Sector Agnostic, Direct To Consumer, Enterprise Software, Minority Founders, Female Founders, E-Commerce, Marketplace, Social Media, Media and Entertainment, Social Impact, Insuretech, Cybersecurity, Food/Beverage, HR, Education, Future of Work, Mobility, Cloud Computing, AI/ML",$100K-$1M,Co-Invest,Looking at companies who have recurring revenue up to 250K+ in MRR,"Los Angeles, California, United States",2020-05-04T21:25:06.000Z
Supernode Ventures,"Pre-Seed, Seed",Taking new meetings,Offering new term sheets,Industry/Sector Agnostic,$50-100K,Co-Invest,Looking at companies who are pre-revenue to those with 50K+ in MRR,"New York, New York, United States",2020-05-04T21:25:16.000Z
Tech Coast Angels,"Pre-Seed, Seed, Series A",Taking new meetings,Offering new term sheets,"Industry/Sector Agnostic, Direct To Consumer, Enterprise Software, Consumer Software, Minority Founders, Female Founders, E-Commerce, Lifestyle, Gaming/Sports, Marketplace, PropTech, Social Media, Hardware, Media and Entertainment, Social Impact, Legal, Fintech, Safety, Cybersecurity, Public Safety, Food/Beverage, Healthcare, Wellness, HR, Education, Future of Work, Mobility, Sustainability, Cloud Computing",$50-$500K,Co-Invest,Looking at companies from pre-product to 100K+ in MRR,"Newport Beach, California, United States",2020-05-04T21:25:23.000Z
Techstars,"Pre-Seed, Seed",Taking new meetings,Offering new term sheets,Industry/Sector Agnostic ,,"Lead, Co-Invest",,"Boulder, Colorado, United States",2020-05-04T21:25:28.000Z
TIA Venture Partners,"Pre-Seed, Seed, Series A",Taking new meetings,Offering new term sheets,"Industry/Sector Agnostic, Direct To Consumer, Enterprise Software, Female Founders, E-Commerce, Marketplace, PropTech, Social Media, Hardware, Social Impact, Legal, Insuretech, Safety, Food/Beverage, Wellness, Mobility, Sustainability, Cloud Computing, AI/ML",$100K-$1M,"Lead, Co-Invest",Looking at companies with recurring revenue and product market fit with up to 250K+ in MRR,"New York, New York, United States",2020-05-04T21:25:33.000Z
Type One Ventures,"Seed, Series A",Taking new meetings,Offering new terms sheets in the next 2-4 weeks,,$100k -$1.5M,"Lead, Co-Invest",,"San Francisco, California, United States",2020-05-04T21:25:39.000Z
Unshackled Ventures,Pre-Seed,Taking new meetings,Offering new term sheets,Industry/Sector Agnostic,$50-$500K,"Lead, Co-Invest",Looking at companies from the idea stage to those with recurring revenue,"Palo Alto, California, United States",2020-05-04T21:25:43.000Z
Unusual Ventures,Seed,Taking new meetings,Offering new term sheets,,,"Lead, Co-Invest",,"Menlo Park, California, United States",2020-05-04T21:25:47.000Z
VitalizeVC,"Pre-Seed, Seed",Taking new meetings,Offering new term sheets,"Enterprise Software, Minority Founders, Female Founders, E-Commerce, Adtech, AR/VR, Marketplace, PropTech, Legal, Fintech, Insuretech, Future of Work, Mobility, Sustainability",$100K-500K,"Lead, Co-Invest",Looking at companies from pre-revenue to those with recurring revenue and product-market fit,"Chicago, Illinois, United States",2020-05-04T21:25:53.000Z
XRC Labs,Pre-Seed,Taking new meetings,Offering new term sheets,"Direct To Consumer, Enterprise Software, Consumer Software, CPG, Minority Founders, Female Founders, E-Commerce, Adtech, Lifestyle, Marketplace, Food/Beverage, Healthcare, Wellness, Sustainability",$50-$500K,"Lead, Co-Invest",Looking at companies from the idea stage to those with 100K in MRR,"New York, New York, United States",2020-05-04T21:26:04.000Z
Zetta Venture Partners,"Pre-Seed, Seed",Taking new meetings,Offering new term sheets,AI-first companies,$1M-$3M,"Lead, Co-Invest",,"San Francisco, California, United States",2020-05-04T21:26:10.000Z
Yes VC,"Pre-Seed, Seed",Taking new meetings,Offering new term sheets,"Direct To Consumer, Consumer Software, CPG, Minority Founders, Female Founders, E-Commerce, Marketplace, PropTech, Social Media, Fintech, Insuretech, Public Safety, Healthcare, Wellness, Education, Future of Work, Mobility",$50-$5M,Co-Invest,Looking at companies from the idea stage to those with recurring revenue,"San Francisco, California, United States",2020-05-04T21:26:19.000Z
Wavemaker Three-Sixty Health,Seed,Taking new meetings,Offering new term sheets,Healthcare start-ups,,Co-Invest,,"Pasadena, California, United States",2020-05-04T21:26:31.000Z
Watertower Ventures ,"Pre-Seed, Seed",Taking new meetings,Offering new term sheets,"Enterprise Software, Consumer Software, Female Founders, E-Commerce, Gaming/Sports, Marketplace, PropTech, Media and Entertainment, Fintech",$100K-500K,Co-Invest,Looking at companies from pre-revenue to those with recurring revenue and product-market fit,"Beverly Hills, California, United States",2020-05-04T21:26:33.000Z
Village Global,Seed,Taking new meetings,Offering new term sheets,Industry/Sector Agnostic,,Co-Invest,"Actively doing deals for seed investments and Network Catalyst, an accelerator program.","San Francisco, California, United States",2020-05-04T21:26:36.000Z
Twenty Seven Ventures,"Pre-Seed, Seed",Taking new meetings,Offering new term sheets,"Enterprise Software, Minority Founders, Female Founders, Marketplace, PropTech, Hardware, Social Impact, HR, Education, Future of Work, AI/ML",$50-$500K,Co-Invest,Looking at companies from pre-revenue to those with product-market fit and recurring revenue,Hong Kong,2020-05-04T21:26:50.000Z
Lakehouse Ventures,Pre-Seed,Taking new meetings,Offering new terms sheets in the next 2-4 weeks,Consumer focused,,,,,2020-05-05T15:58:45.000Z
208 Seed Ventures,Seed,Taking new meetings,Offering new terms sheets in the next 2-4 weeks,,,,,"Columbia, Missouri, United States",2020-05-05T17:27:02.000Z
Shasta Ventures,Seed,Taking new meetings,Offering new terms sheets in the next 2-4 weeks,Smart software for enterprise,,,,"San Francisco, California, United States",2020-05-05T17:27:34.000Z
Chrometec Capital,,Taking new meetings,Offering new terms sheets in the next 2-4 weeks,"Biotechnology, Cannabis, CleanTech, Cloud Computing, Cyber Security, Life Science, Sustainability,",,,Looking at companies that have shown a clear product-market fit,"London, England UK",2020-05-05T18:47:25.000Z
Chapter One,Seed,Taking new meetings,Offering new term sheets,,,,,"Los Angeles, California, United States",2020-05-05T18:48:03.000Z
Lightspeed Venture Partners,"Seed, Series A, Series B, Series C",Taking new meetings,Offering new term sheets,,,,,"Menlo Park, CA, United States and Global (Israel, China, India, Europe, Singapore)",2020-05-06T00:26:42.000Z
Launch Tennessee,Pre-Seed,Taking new meetings,Offering new terms sheets in the next 2-4 weeks,Only invest in TN based companies,$25k-$150k,Co-Invest,,Tennessee,2020-05-06T15:02:45.000Z
Overline,Seed,Taking new meetings,Offering new term sheets,Focused on founders in Atlanta and the Southeast,,Lead,,,2020-05-06T15:03:47.000Z
E14 Fund,"Pre-Seed, Seed",Taking new meetings,Offering new term sheets,,$500k-$1M,,Supports companies across diverse fields—from biotechnology and smart cities to consumer electronics and manufacturing. They are a bridge that builds entrepreneurs from MIT and creates the paths to connect them with investors and industry experts who can help them scale.,"Boston, MA, United States",2020-05-06T15:06:49.000Z
Fitz Gate Ventures,Seed,Taking new meetings,Offering new term sheets,Fitz Gate Ventures invests a majority of its capital in companies from the Princeton ecosystem and a portion more broadly.,,,,"Houston, Texas, United States",2020-05-06T15:09:57.000Z
XFactor Ventures,"Pre-Seed, Seed",Taking new meetings,Offering new term sheets,XFactor Ventures is focused on making pre-seed and seed stage investments in companies with billion dollar market opportunities that have at least one female founder.,,,,"Boston, MA, United States",2020-05-06T15:15:35.000Z
Intelis Capital,Seed,Taking new meetings,Offering new term sheets,Support founders who are working to solve problems in the largest industries that shape our everyday lives,,,,"Dallas, Texas, United States",2020-05-06T19:52:41.000Z
LombardStreet Ventures,"Pre-Seed, Seed",Taking new meetings,Offering new terms sheets in the next 2-4 weeks,They back distributed teams with HQ in Silicon Valley,,,,,2020-05-06T19:55:23.000Z
Firebrand Ventures,Seed,Taking new meetings,Offering new terms sheets in the next 2-4 weeks,,,,,"Kansas City, MO, United States",2020-05-06T22:48:55.000Z
Mango Capital,Seed,Taking new meetings,Offering new term sheets,,,,,,2020-05-06T22:51:48.000Z
Benchmark,Seed,Taking new meetings,Offering new term sheets,"mobile, marketplaces, social, and infrastructure and enterprise software",,,,"San Francisco, CA, United States",2020-05-06T22:53:54.000Z
The Group Ventures,"Pre-Seed, Seed",Taking new meetings,Offering new terms sheets in the next 2-4 weeks,"Canadian focused, data driven platform tech companies with B2B and double sided network effect business models poised to have a global impact",,,,"Toronto, Canada",2020-05-07T18:05:25.000Z
Highland Europe,"Seed, Series A, Series B",Taking new meetings,Offering new term sheets,Early growth focus (5m+ run rate),,,,"London, England, United Kingdom",2020-05-07T18:07:13.000Z
Brooklyn Capital,"Pre-Seed, Seed",Taking new meetings,Offering new term sheets,,,,,,2020-05-07T18:07:37.000Z
DNX Ventures,"Seed, Series A",Taking new meetings,Offering new terms sheets in the next 2-4 weeks,"B2B-focus (Enterprise SaaS, Cybersecurity, Fintech, Retail Tech, and Frontier Tech)",,,,"San Francisco, Tokyo",2020-05-07T18:09:30.000Z
MiLA Capital,"Pre-Seed, Seed",Focusing on current portfolio,Focusing on current portfolio,"climate tech, health tech, hardware, aerospace",,,,"Los Angeles, CA United States",2020-05-07T18:10:21.000Z
DAAL Ventures,"Seed, Series A, Series B",Taking new meetings,Offering new terms sheets in the next 2-4 weeks,IT space,,,,,2020-05-07T21:26:05.000Z
Dream Machine,Pre-Seed,Taking new meetings,Offering new term sheets,,,,,,2020-05-07T23:57:31.000Z
Tech Wildcatters,Seed,Taking new meetings,Offering new terms sheets in the next 2-4 weeks,Software focus,,,,"Dallas, TX United States",2020-05-08T15:57:13.000Z
Ubiquity Ventures,Seed,Taking new meetings,Offering new term sheets,,,,,"Palo Alto, CA United States",2020-05-08T15:59:55.000Z
Cleo Capital,"Pre-Seed, Seed",Taking new meetings,Offering new term sheets,,,,,"Santa Monica, CA, United States",2020-05-08T16:26:58.000Z
Prudence Holdings,Seed,Taking new meetings,Offering new term sheets,,,,,"New York, New York, United States",2020-05-08T16:28:11.000Z
Point Nine Capital,"Pre-Seed, Seed",Taking new meetings,Offering new term sheets,,,,,"Berline, Germany",2020-05-08T16:29:17.000Z
Underdog Labs,"Pre-Seed, Seed",Taking new meetings,Offering new term sheets,,,,,SF and New England,2020-05-08T17:04:42.000Z
Interlace Ventures,Seed,Taking new meetings,Offering new terms sheets in the next 2-4 weeks,"Retail, commerce, consumer",$200k-$600k,,,Ney York and SF,2020-05-08T18:22:09.000Z
TDK Ventures,"Seed, Series A, Series B",Taking new meetings,Offering new term sheets,"Health & Wellness, next Generation Transportation, Robotics & Industrial, Mixed Reality, and the wider IoT market",,,,"San Jose, CA United States",2020-05-10T17:05:44.000Z
Venrock,"Pre-Seed, Seed, Series A, Series B",Taking new meetings,Offering new term sheets,technology and healthcare,,,,"Palo Alto, CA, United States",2020-05-10T17:26:33.000Z
Susa Ventures,Seed,Taking new meetings,Offering new term sheets,,,,"strong compounding moats, such as proprietary data, economies of scale and/or network effects","Sa Francisco, CA, United States",2020-05-10T17:30:04.000Z
TenOneTen Ventures,Seed,Taking new meetings,Offering new term sheets,,,,invests in start-ups that apply data and technology to disrupt existing industries.,"Los Angeles, CA, United States",2020-05-10T17:34:46.000Z
Trusk Venture Partners,Seed,Taking new meetings,Offering new terms sheets in the next 2-4 weeks,consumer technology,,,,"New York, New York, United States",2020-05-11T20:42:42.000Z
AiSprouts.vc,"Seed, Series A",Taking new meetings,Offering new term sheets,AI,,,,"San Francisco, California, United States",2020-05-11T20:47:23.000Z
Agroecology Capital,Seed,Taking new meetings,Offering new term sheets,"Next-gen. proteins, biological solutions, plant health & nutrition, seed technology & genetics, next gen. farming, Precision Ag, Food safety",,,,"Palo Alto, CA, United States",2020-05-11T20:48:05.000Z
Gaingels,"Pre-Seed, Seed, Series A, Series B",Taking new meetings,Offering new terms sheets in the next 2-4 weeks,,,Co-Invest,,"New York, NY, United States",2020-05-11T21:09:16.000Z
Data Community Fund,"Pre-Seed, Seed, Series A",Taking new meetings,Offering new terms sheets in the next 2-4 weeks,Focused on B2B companies with a clear data-tech differentiation (ML/AI/data sci),,,,,2020-05-11T21:11:17.000Z
DCVC,Seed,Taking new meetings,Offering new terms sheets in the next 2-4 weeks,,,,,"San Francisco, CA, United States",2020-05-11T21:12:39.000Z
lool Ventures,Seed,Taking new meetings,Offering new terms sheets in the next 2-4 weeks, Looking at companies based in Israel or with Israeli founders located outside of Israel,,,,,2020-05-11T21:13:56.000Z
Working Capital Fund,"Seed, Series A",Taking new meetings,Offering new terms sheets in the next 2-4 weeks,Focused on labor rights in supply chains; transparency and traceability; sustainable supply chains; worker-centered tech  ,,Co-Invest,,"San Francisco, California, United States",2020-05-11T21:19:58.000Z
Urban Innovation Fund,"Pre-Seed, Seed",Taking new meetings,Offering new terms sheets in the next 2-4 weeks,,,Co-Invest,,"San Francisco, California, United States",2020-05-11T21:20:01.000Z
Rooks Nest Ventures,Seed,Taking new meetings,Offering new terms sheets in the next 2-4 weeks,,,Co-Invest,,"London, England, United Kingdom",2020-05-11T21:20:05.000Z
Nina Capital,"Seed, Series A",Taking new meetings,Offering new terms sheets in the next 2-4 weeks,"Analytics, Artificial Intelligence, Health Care, Information Technology, Internet of Things, Machine Learning, Sensor, Software, Wearables",,,,"Barcelona, Catalonia, Spain",2020-05-11T21:20:08.000Z
Nationwide Ventures,"Series A, Series B",Taking new meetings,Offering new terms sheets in the next 2-4 weeks,Investing across insurtech/fintech,$1M-$5M,Co-Invest,,"Columbus, Ohio, United States",2020-05-11T21:20:10.000Z
Contrarian Ventures,Seed,Taking new meetings,Offering new terms sheets in the next 2-4 weeks,Energy tech and e-mobility focused fund,,,,"Vilnius, Vilniaus Apskritis, Lithuania",2020-05-11T21:20:22.000Z
Xfund,Seed,Taking new meetings,Offering new term sheets,,,,,"San Francisco, CA, United States",2020-05-12T00:06:09.000Z
Nauta Capital,"Seed, Series A",Taking new meetings,Offering new terms sheets in the next 2-4 weeks,European B2B companies,,,,,2020-05-12T15:53:58.000Z
Security Leadership Capital,Seed,Taking meetings within network,Focusing on deals in network,,,,,,2020-05-12T15:54:55.000Z
Barn Investments,"Seed, Series A",Taking new meetings,Offering new term sheets,,,,Latam,,2020-05-12T15:55:49.000Z
Ripple Ventures,"Pre-Seed, Seed",Taking new meetings,Offering new term sheets, B2B SaaS investor in companies in North America,,"Lead, Co-Invest",,"Toronto, Canada,Toronto, Ontario, Canada",2020-05-12T21:57:56.000Z
Grit Ventures,Seed,Taking new meetings,Offering new terms sheets in the next 2-4 weeks,AI + Robotics,,,,"Menlo Park, CA, United States",2020-05-13T15:56:27.000Z
Acrobator Ventures,Seed,Taking new meetings,Offering new terms sheets in the next 2-4 weeks,early stage tech companies in the CEE/CIS & EU region,,,,"Amsterdam, Holland, EU",2020-05-13T15:59:48.000Z
Notation Capital,Pre-Seed,Taking new meetings,Offering new term sheets,,,,,,2020-05-13T22:46:42.000Z
South Park Commons,"Pre-Seed, Seed",Taking new meetings,Offering new term sheets,"Industry/Sector agnostic, software",$100k - $1M,Lead,,"San Francisco, CA, United States",2020-05-15T16:45:19.000Z
Squandra Ventures,"Pre-Seed, Seed",Taking new meetings,Offering new terms sheets in the next 2-4 weeks, Futuretech and Lifescience,,,,"Baltimore, Maryland, United States",2020-05-15T17:23:11.000Z
Digital Horizon,Seed,Taking new meetings,Offering new term sheets,"Artificial Intelligence, Blockchain, FinTech, Marketplace, Retail, SaaS, Software",,,,"London, England, United Kingdom",2020-05-15T17:24:57.000Z
Cubit Ventures,Seed,Taking new meetings,Offering new terms sheets in the next 2-4 weeks,,,,,"Tel Aviv, Israel",2020-05-15T17:30:43.000Z
HARDS,Seed,Taking new meetings,Offering new term sheets,"Logistics, Energy, Smart Cities, IoT",,,,"Florianópolis, Santa Catarina, Brazil",2020-05-15T17:31:47.000Z
INCA Ventures,Seed,Taking new meetings,Offering new terms sheets in the next 2-4 weeks, Focused on early stage fintech in frontier markets in LatAm,,,,"Lima, Peru",2020-05-15T17:33:23.000Z
ValueStream Ventures,"Seed, Series A",Taking new meetings,Offering new term sheets,B2B,,,"post-Seed, A, and A2 rounds",New York,2020-05-15T17:34:52.000Z
Flybridge Capital,Seed,Taking new meetings,Offering new term sheets,"Seed-stage venture capital for ambitious founders leveraging the power of community with a focus on B2B SaaS, Applied AI, Future of Work/Urban Millennials",First institutional check,,"We believe community-driven companies harness the power of a highly engaged, connected, and passionate ecosystem of members to drive adoption, growth, and success.","Boston, Massachusetts, and New York, NY United States",2020-05-15T17:36:07.000Z
Endurance Investments,"Seed, Series A",Taking new meetings,Offering new terms sheets in the next 2-4 weeks,"Focus is on Latin American B2B solutions with early stage technology that operate in the following industries: mining, agriculture, aquaculture, food, Biotechnology and health applications (such as medical tests and peripheral devices, SaaS-type technological solutions based on Machine Learning, IoT and Big Data",,,Focused on companies in Latin America,"Santiago, Chile",2020-05-18T15:59:00.000Z
Trail Mix Ventures,"Seed, Series A",Taking new meetings,Offering new term sheets,,,,,,2020-05-18T16:00:38.000Z
Next Coast Ventures,"Seed, Series A, Series B",Taking new meetings,Offering new term sheets,,,,,"Austin, TX, United States",2020-05-18T22:26:26.000Z
Sequoia ,"Seed, Series A, Series B",Taking new meetings,Offering new term sheets,,,,,,2020-05-20T21:02:18.000Z
Andreessen Horowitz,"Seed, Series A, Series B, Series C",Taking new meetings,Offering new term sheets,,,,,,2020-05-20T21:03:14.000Z
Two39 Ventures,Seed,Taking new meetings,Offering new term sheets,"Not currently interested in pharma, Industry Agnostic",,,,,2020-05-20T21:06:13.000Z
The 13 Ventures,"Seed, Series A",Taking new meetings,Offering new term sheets, We are incredibly interested in all Consumer sector companies. Taking strong looks at non-Cyclical brands.,,,,,2020-05-20T21:10:59.000Z
Splitrock,,Focusing on current portfolio,Focusing on current portfolio,,,,,,2020-05-20T21:15:52.000Z
Bee Partners,Pre-Seed,Taking new meetings,Offering new term sheets,"Enterprise Software, Minority Founders, Female Founders, E-Commerce, Adtech, Marketplace, PropTech, Hardware, Insuretech, Future of Work",$500K-1M,"Lead, Co-Invest",Looking at companies from the idea stage to 100K+ in MRR,"San Francisco, California, United States",2020-05-22T21:52:36.000Z
Streamlined,Seed,Taking new meetings,Offering new term sheets,"Enterprise Software, E-Commerce, Gaming/Sports, Marketplace, PropTech, Legal, Fintech, Insuretech, Healthcare, Wellness, HR, Future of Work, Mobility, Cloud Computing, AI/ML",$500K-$5M,Co-Invest,Looking at companies who have shown product market fit and have up to 100K+ in MRR,"San Francisco, California, United States",2020-05-22T21:52:48.000Z
Blue Bear Capital,"Seed, Series A",Taking new meetings,Offering new term sheets,"Digital tech in energy, infrastructure and climate",,,,,2020-05-26T22:00:35.000Z
Founder Factory,"Pre-Seed, Seed",Taking new meetings,Offering new term sheets,Consumer Healthy startups,$100k,,,,2020-05-26T22:00:49.000Z
Rucker Park Capital,"Seed, Series A",Taking new meetings,Offering new terms sheets in the next 2-4 weeks,,,,,,2020-05-26T22:02:25.000Z
Bonart Financial Performance Ltd. ,Seed,Taking new meetings,Offering new term sheets,,,,,,2020-05-26T22:08:42.000Z
Mount Cuba Capital,Seed,Taking new meetings,Offering new terms sheets in the next 2-4 weeks,,,,,,2020-05-26T22:10:16.000Z
Wireframe Ventures,Seed,Taking new meetings,Offering new terms sheets in the next 2-4 weeks,,,,,,2020-05-26T22:11:06.000Z
Touchdown Ventures,Seed,Taking new meetings,Offering new term sheets,,,,,,2020-05-26T22:12:04.000Z
Armory Square Ventures,"Seed, Series A",Taking new meetings,Offering new term sheets,B2B investments in NY-based companies,,Lead,,,2020-05-26T22:13:15.000Z
Vertex Ventures,Seed,Taking new meetings,Offering new term sheets,operators/founders turned investors (we've been in your shoes). Looking for the next great b2b founders,$1M - $8M,,,,2020-05-26T22:15:11.000Z
CapitalT,Seed,Taking new meetings,Offering new term sheets,"Software technology, Northern Europe",,,Taking video meetings,"New York, New York, United States",2020-06-04T20:05:11.000Z
Silicon Road Ventures,,Taking new meetings,,"Omnichannel, Retail & Shopper Tech, Supply Chain & Logistics, FinTech & Transactions",,,Have taken video meetings with founders outside of network,"Atlanta, GA, United States",2020-06-04T20:51:21.000Z
Accel,"Series A, Series B, Series C",Taking new meetings,Offering new term sheets,Industry/Sector Agnostic,$2M-$20M,"Lead, Co-invest",,"Palo Alto, CA, New York City, NY, London, UK, Bangalore, India",2020-06-05T16:35:10.000Z
Anorak Ventures,"Pre-Seed, Seed",Taking new meetings,Offering new term sheets,Focus on technical founders,,,,,2020-06-05T16:39:50.000Z
Innocells,Series A,Taking new meetings,Focusing on deals in network,,,,Taking video meetings with founders within network,"Barcelona, Spain",2020-06-05T16:47:02.000Z
elev8.vc,"Pre-Seed, Seed, Series A",Taking new meetings,Offering new term sheets,Deep tech B2B focused,,,,Singapore,2020-06-05T16:49:07.000Z
Elysium Venture Capital,"Seed, Series A",Taking new meetings,Offering new term sheets,"Looking at companies in Consumer, SaaS/Enterprise, FinTech, AI sectors. From Pre-Product to $2M in MRR.",,,Taking video meetings,"Sunnyvale CA, United States",2020-06-05T16:51:03.000Z
TrueSight Ventures,"Pre-Seed, Seed",Taking new meetings,Offering new term sheets,,,,"Invest in pre-seed, seed in Europe and the US","London, UK and Stockholm, Sweden",2020-06-05T16:53:24.000Z
Founders Circle,Series C,Taking new meetings,Offering new term sheets,,,,Primary and Secondary investors,"San Francisco CA, United States",2020-06-05T16:57:40.000Z
Paladin Capital,"Seed, Series A, Series B, Series C",Taking new meetings,Offering new term sheets,,,,,"Washington D.C., United States",2020-06-05T17:00:11.000Z
Laerdal Million Lives Fund,"Series A, Series B",Taking new meetings,Offering new term sheets,Healthcare,$1M-$5M,,Investing $1-5M in healthcare startups helping to save lives,"San Francisco CA, United States and Stavanger, Norway",2020-06-05T17:06:08.000Z
NfX,"Seed, Series A",Taking new meetings,Offering new term sheets,,,,,"San Francisco, California, United States",2020-06-05T19:15:26.000Z
Prime Impact Fund,"Seed, Series A",Taking new meetings,Offering new term sheets,,,,,"Cambridge, Massachusetts, United States",2020-06-06T01:43:19.000Z
Chicago Ventures,"Seed, Series A, Series B",Taking new meetings,Unknown if offering term sheets,Tech startups in central US,,,,"Chicago IL, Unites States",2020-06-08T14:53:37.000Z
Brighton Park Capital,"Series A, Series B, Series C",Taking new meetings,Unknown if offering term sheets,Enterprise software,,,,"Greenwich CT, United States",2020-06-08T14:55:54.000Z
Active Impact Investments,"Seed, Series A",Taking new meetings,Offering new term sheets,Environmental Impact,$100K-500K,"Lead, Co-Invest","Looking for SaaS, services or cleantech that reduces GHG emissions or promotes environmental sustainability","Vancouver, British Columbia, Canada",2020-06-10T01:29:45.000Z
Collab Capital,,Taking new meetings,Unknown if offering term sheets,,,,Looking for black founders,"Atlanta, Georgia, United States",2020-06-11T16:04:12.000Z
Innova Memphis,"Seed, Series A, Series B",Taking new meetings,Offering new term sheets,,,,Funded 3 Agtech deals (new) during April/May,"Memphis, Tennessee, United States",2020-06-11T16:06:58.000Z
Northwestern Mutual Future Ventures,"Series A, Series B, Series C",Taking new meetings,Unknown if offering term sheets,,,,,"Milwaukee, Wisconsin, United States",2020-06-11T16:08:58.000Z
Indio VC,,Taking new meetings,Not offering new term sheets,,,,,,2020-06-11T16:11:42.000Z
Impression Ventures,"Seed, Series A",Taking new meetings,Offering new term sheets,Fintech,$1M-2.5M,Lead,,"Toronto, ON, Canada",2020-06-13T01:08:25.000Z
nfinitiv,,Taking new meetings,Offering new term sheets,,,,,Luxembourg,2020-06-13T01:10:17.000Z
RTP Ventures,"Seed, Series A, Series B",Taking new meetings,Offering new term sheets,,,,Kapur at rtp dot Vc if you want to reach out,"New York City, NY, United States",2020-06-13T01:14:52.000Z
Frontier Ventures,"Seed, Series A",Taking new meetings,Offering new term sheets,Focus on companies with network effects e.g. marketplaces and SaaS,,,Taking video meetings,"Cupertino, CA, United States",2020-06-13T01:16:12.000Z
Yamaha Motor Ventures,"Seed, Series A",Taking new meetings,Offering new term sheets,,$500K-$3M,,,"San Francisco Bay Area, California, United States",2020-06-14T21:58:43.000Z
Jackson Square Ventures,"Series A, Series B",Taking new meetings,Unknown if offering term sheets,"Fintech, B2B SaaS, marketplaces",,,,"San Francisco, California, United States",2020-06-16T01:50:12.000Z
Fort Ross Ventures,"Series A, Series B, Series C",Taking new meetings,Unknown if offering term sheets,,,,,"Menlo Park, California, United States",2020-06-16T01:52:40.000Z
Xecced Ventures,Seed,Taking new meetings,Unknown if offering term sheets,,,,Industry 4.0 (AI),"London, United Kingdom",2020-06-21T02:25:11.000Z
Surplus Invest,"Seed, Series A",Taking new meetings,Offering new term sheets,"PropTech; Mobility, Energy, ConTech",,,,"Munich, Germany",2020-06-24T02:30:44.000Z
Closed Loop Ventures,"Pre-Seed, Seed, Series A",Taking new meetings,Offering new term sheets,"Polymers & Packaging, Supply Chain, AgTech, (waste reduction in) Apparel",,"Lead, Co-Invest",,"New York, NY, United States",2020-07-10T01:44:58.000Z
Global Millenial Capital,"Pre-Seed, Seed, Series A",Taking new meetings,Offering new term sheets,"B2C, consumer tech, US-based companies",,,,"Dubai, UAE",2020-07-20T02:06:18.000Z
Cataliize Venture Debt,,Taking new meetings,Unknown if offering term sheets,Offering venture debt,,,,Global,2020-07-23T02:46:08.000Z
Omega Venture Partners,Series C,Taking new meetings,Offering new term sheets,High growth companies,,,,"Palo Alto, California, United States",2020-07-25T00:56:42.000Z
Okta Ventures,"Seed, Series A, Series B",Taking new meetings,Offering new term sheets,"Identity, security, privacy",,Co-Invest,We have made 3 public investments since April (all non-lead) and are in the process of closing on 2 others.,"San Francisco, California, United States",2020-07-29T18:24:22.000Z
MARL Accelerator,Pre-Seed,Taking new meetings,Offering new term sheets,"Enterprise Software, Mobility, AR/VR, Robotics, Logistics, 5G",,,,"Fremont, CA United States",2020-07-30T04:31:33.000Z
Barclay Street Ventures,Seed,Focusing on current portfolio,Unknown if offering term sheets,,,,Open for AI investments,"New York, New York, United States",2020-08-02T00:14:31.000Z
Company Ventures,"Seed, Series A, Pre-Seed",Taking new meetings,Unknown if offering term sheets,,,,"NYC Pre-Seed/Seed Fund, operator of rent-free, no-equity Grand Central Tech Accelerator","New York, NY, United States",2020-08-04T02:25:29.000Z
Clearstone,"Seed, Series A, Series B",Taking new meetings,Offering new term sheets,"FinTech, EdTech, and Transport for marginalized communities",,,,"Los Angeles, California, United States",2020-08-06T19:38:54.000Z
ACME Capital,"Series A, Series B, Series C",Taking new meetings,Offering new term sheets,,,,,"San Francisco, California, United States",2020-08-11T23:33:52.000Z
SignalFire,"Seed, Series A, Series B, Series C",Taking new meetings,Offering new term sheets,,,,Industry / Sector / Stage agnostic,"San Francisco, California, United States",2020-08-12T21:30:21.000Z
The LegalTech Fund,,Taking new meetings,Offering new term sheets,,,,,,2020-08-13T19:21:28.000Z
Blockchain Founders Fund,"Pre-Seed, Seed",Taking new meetings,Not offering new term sheets,,,,,"Beijing, Singapore, Vancouver",2020-08-13T22:32:41.000Z
Starting Line,Seed,Taking new meetings,Offering new term sheets,,,,,"Chicago, Illinois, United States",2020-08-13T22:34:37.000Z
Sterling Road,Pre-Seed,Taking new meetings,Offering new term sheets,B2B,$150k,,,"San Francisco, CA, United States",2020-08-13T22:34:38.000Z
Stat Zero Ventures,"Pre-Seed, Seed, Series A",Taking new meetings,Unknown if offering term sheets,,,,"Looking for underestimated founders; Investing across education / workforce, health, sustainability, and digital/physical infrastructure","San Francisco, CA, United States",2020-08-13T22:35:14.000Z
Engineering Capital,"Pre-Seed, Seed, Series A",Taking new meetings,Offering new term sheets,,,Lead,Leads Pre-seed and Seed rounds in companies with technical risk,"Menlo Park, California, United States",2020-09-02T04:19:24.000Z
Liberty Mutual Strategic Ventures,"Seed, Series A, Series B",Taking new meetings,Offering new term sheets,"Fintech, proptech, insurtech, mobility, marketplaces globally",$250K-$5M,"Lead, Co-Invest",,"Boston, MA, United States",2020-09-04T15:29:56.000Z
PropTech Angel Group,"Pre-Seed, Seed",Taking new meetings,Not offering new term sheets,"Focused exclusively on Real Estate Tech startups. Best at commercial, Seed and Pre-Seed.",,Co-Invest,,,2020-09-10T20:32:34.000Z
KB Partners,"Pre-Seed, Seed, Series A",Taking new meetings,Unknown if offering term sheets,"Health/fitness, sports-tech, gaming",$500K-$5M,"Lead, Co-Invest",Looking at companies from pre-revenue to those with up to 100K+ in MRR,"Highland Park, Illinois, United States",2020-09-21T03:30:35.000Z
Delphi VC,"Seed, Series A",Taking new meetings,Unknown if offering term sheets,,,,,,2020-09-28T01:24:54.000Z
SOSV,Pre-Seed,Taking new meetings,Offering new term sheets,Deep Tech focus on life sciences and hardware. ,,"Lead, Co-Invest",,,2020-09-30T00:51:21.000Z
OpenView,"Series A, Series B, Series C",Taking new meetings,Offering new term sheets,All enterprise software,,,"An expansion stage venture firm that helps grow software companies like Instructure, Kareo, Datadog, and Expensify into market leaders","Boston, Ma, United States",2020-10-12T23:13:59.000Z
Full In Partners,"Series B, Series C",Taking new meetings,Offering new term sheets,,,,,"New York City, New York, United States",2020-10-16T15:47:22.000Z
Impact America Fund,"Seed, Series A",Taking new meetings,Unknown if offering term sheets,,,Co-Invest,,"San Francisco Bay Area, California, United States",2020-10-22T02:42:54.000Z
Reflexion Capital,,Taking new meetings,Offering new term sheets,"We are supporting with 1 to 3M € tickets tech B2B entrepreneurs willing to grow while remaining profitable in France, Belgium and Switzerland.",€1-3M,,,"Paris, France",2020-11-06T18:23:33.000Z
Mindset Ventures,"Seed, Series A, Series B",Taking new meetings,Offering new term sheets,,,,,Latin America,2020-11-08T21:53:41.000Z
Threshold Ventures,"Series A, Series B",Taking new meetings,Offering new term sheets,"Marketplaces, software, healthcare",,,,"Menlo Park, California, United States",2020-11-17T05:14:56.000Z
Monozukuri Venture,"Pre-Seed, Seed, Series A",Taking new meetings,Offering new term sheets,Hardware startups only,,,,"Kyoto, Japan and New York, NY, USA",2020-12-07T16:00:51.000Z
Tech Council Ventures,"Seed, Series A",Taking new meetings,Offering new term sheets,,,,,,2020-12-16T23:01:07.000Z
,,,,,,,,,2021-11-05T21:47:58.000Z
Converge,"Pre-Seed, Seed, Series A",Taking new meetings,Offering new term sheets,"SaaS, DevOps, machine learning, automation, robotics, digital-to-physical",$250K - $1M,"Lead, Co-invest",Women-led firm,"Boston, MA",2021-11-05T21:49:23.000Z
Hive Hatch,"Pre-Seed, Seed",Taking new meetings,Offering new term sheets,,,,,,2021-11-05T21:56:56.000Z