"HQ","Fund Name","Linkedin","#","Website","Size","Size (€)","Size ($)","Geographic Focus","Sectors","Initial Ticket (EUR)","Stage","Date Raised","Month"
"Finland","Cloudberry Venture Fund","https://www.linkedin.com/company/cloudberry-vc/","I","cloudberry.vc","€30 000 000","€30 000 000","$35 148 000","Europe","Semiconductors; Advanced Materials","€400k–€1M","Pre-Seed, Seed","2025-12-18","Dec"
"Denmark","PSV Hafnium","https://www.linkedin.com/company/psv-venturehouse/","I","psv.xyz","€60 000 000","€60 000 000","$70 296 000","Nordics","DeepTech; AI; ClimateTech","€100k–€1M","Pre-Seed, Seed","2025-12-17","Dec"
"Ireland","Baseline Venture Fund","","I","baseline.community","€5 000 000","€5 000 000","$5 858 000","Ireland; Europe","AI; SaaS","€100k","Pre-Seed","2025-12-16","Dec"
"Spain","Kibo Ventures Fund IV","","IV","kiboventures.com","€100 000 000","€100 000 000","$117 160 000","Europe","B2B; DeepTech; AI; Cyber Security; Robotics; Enterprise software","€2–6M","Seed, Series A","2025-12-15","Dec"
"Greece","Investing For Purpose Fund (IFP)","","I","investing-for-purpose.e…","€25 400 000","€25 400 000","$29 758 640","Greece","ImpactTech; ClimateTech; EdTech","~€0.2–0.5M","Pre-Seed, Seed","2025-12-11","Dec"
"France","makesense Seed II","https://www.linkedin.com/company/makesense/","II","france.makesense.org","€25 000 000","€25 000 000","$29 290 000","France; Europe","Circular Economy; ImpactTech","€200k–€500k","Pre-Seed","2025-12-11","Dec"
"Poland","Cofounder VC Fund I","","I","n/a (Warsaw-based firm)","€12 000 000","€12 000 000","$14 059 200","CEE","Agnostic; Enterprise software; ImpactTech; Healthtech","€1–3M","Series A, Series B","2025-12-11","Dec"
"United Kingdom","Twin Track Ventures","","I","twintrack.vc","€5 800 000","€5 800 000","$6 795 280","Europe; US","DeepTech; Defence; Dual Use","€0.2–0.6M","Pre-Seed, Seed","2025-12-11","Dec"
"Germany","U2V Fund I","","I","u2v.vc","€60 000 000","€60 000 000","$70 296 000","Europe","DeepTech; ClimateTech; AI","–","Pre-Seed, Seed","2025-12-10","Dec"
"Lithuania","Aneli Capital","","I","anelicapital.com","€35 000 000","€35 000 000","$41 006 000","Baltics; Poland; C…","Robotics; Energy; SpaceTech; DeepTech; Agnostic; Industry 4.0","€1M–€5M","Seed, Series A","2025-12-10","Dec"
"Belgium","KBC Start it Fund I","https://www.linkedin.com/company/start-it-accelerate-kbc/","I","startit.be","€100 000 000","€100 000 000","$117 160 000","Belgium","Agnostic","Up to €0.3M","Pre-Seed, Seed","2025-12-09","Dec"
"Luxembourg","Catalpa Health Fund I","","I","catalpa.vc","€30 000 000","€30 000 000","$35 148 000","Europe","Healthtech; MedTech","€0.3–1.5M","Pre-Seed, Seed, Series A","2025-12-09","Dec"
"Poland","VO2 Ventures Fund I","","I","(n/a)","€19 200 000","€19 200 000","$22 494 720","Poland","Agnostic","(~€0.7M)","Seed","2025-12-09","Dec"
"Poland","betacluster Poland.One Fund I","","I","betacluster.vc","€19 000 000","€19 000 000","$22 260 400","Poland; CEE","AI; Cyber Security; Healthtech; Enterprise software; Dual Use; Industry 4.0; ClimateTech","€0.3–0.7M","Pre-Seed, Seed, Series A","2025-12-09","Dec"
"Poland","Stelo Ventures Fund I","","I","https://stelo.vc/","€16 400 000","€16 400 000","$19 214 240","Poland; CEE","Agnostic; AI; HR Tech","€0.7–1.2M","Pre-Seed","2025-12-09","Dec"
"Germany","FoodLabs Fund","","III","foodlabs.com","€105 000 000","€105 000 000","$123 018 000","Europe","FoodTech; AgriTech; Healthtech; ClimateTech","€100k–€2M","Pre-Seed, Seed","2025-12-08","Dec"
"United Kingdom","Expedition Growth Capital Fund","https://www.linkedin.com/company/expeditiongrowthcapital/","III","expedition.capital","€323 000 000","€323 000 000","$378 426 800","Europe","Enterprise software; SaaS; AI","€8.6–21.5M","Growth","2025-12-02","Dec"
"Netherlands","Volve Capital Fund","","I","volve.capital","€9 000 000","€9 000 000","$10 544 400","Benelux; DACH","SaaS; Agnostic; ClimateTech; ImpactTech","€150k–€500k","Pre-Seed","2025-12-02","Dec"
"United Kingdom","6 Degrees Capital","","III","6degrees.vc","€154 000 000","€154 000 000","$178 054 800","Europe","Enterprise software; AI; Fintech","€1–5M","Seed, Series A","2025-11-28","Nov"
"Portugal","Indico Capital Partners","","III","indicocapital.com","€125 000 000","€125 000 000","$144 525 000","SE","AI; Web3; IoT; Enterprise software; DeepTech; Fintech; Cyber Security; SpaceTech; ClimateTech","€100k–€10M","Pre-Seed, Seed, Series A, Series B","2025-11-28","Nov"
"Germany","Future Energy Ventures","https://www.linkedin.com/company/futureenergyventures/","II","fev.vc","€205 000 000","€205 000 000","$237 021 000","Europe; Global","ClimateTech; Energy","€5M–€10M","Series A, Series B","2025-11-27","Nov"
"United Kingdom","Baobab Ventures","","I","baobabventures.vc","€12 900 000","€12 900 000","$14 914 980","Europe; Global","AI; DeepTech; Defence; Robotics","€300k","Pre-Seed, Seed","2025-11-26","Nov"
"France","Clover","","I","https://www.cloverfund…","€30 000 000","€30 000 000","$34 686 000","Europe; US","AI; EdTech; HR Tech; Future of work","€0.1M–€0.2M","Pre-Seed, Seed","2025-11-25","Nov"
"United Kingdom","Firgun Ventures","","I","https://www.firgunvent…","$70 000 000","€60 543 159","$70 000 000","Global","DeepTech","N/A","Series A, Series B","2025-11-24","Nov"
"Hungary","Day One Capital","","III","https://www.dayoneca…","€45 000 000","€45 000 000","$52 029 000","CEE","Agnostic","€0.5M–€2.5M","Pre-Seed, Seed","2025-11-24","Nov"
"United Kingdom","Onstage","","I","onstage.vc","€12 000 000","€12 000 000","$13 874 400","Europe","Agnostic","N/A","Pre-Seed, Seed","2025-11-24","Nov"
"Netherlands","Keen Venture Partners","","I","keenventurepartners.com","€150 000 000","€150 000 000","$173 430 000","Europe","Defence; Cyber Security; SpaceTech; DeepTech","€1–€10M","Seed, Series A, Series B","2025-11-20","Nov"
"Spain","Ship2B Ventures","","II","https://ship2b.org/","€65 000 000","€65 000 000","$75 153 000","Spain","ImpactTech; ClimateTech","N/A","Seed, Series A","2025-11-20","Nov"
"France","Sofinnova Capital","","XI","sofinnovapartners.com","€650 000 000","€650 000 000","$751 530 000","Europe","Biotech; Healthtech; MedTech","N/A","Seed, Series A","2025-11-17","Nov"
"France","Teampact Ventures","https://www.linkedin.com/company/teampactventures/","I","teampact.ventures","€20 000 000","€20 000 000","$23 124 000","Europe","ClimateTech; Healthtech; DeepTech","Up to €1M","Pre-Seed, Seed","2025-11-17","Nov"
"France","XAnge","https://www.linkedin.com/company/xange-vc/","V","xange.vc","€200 000 000","€200 000 000","$231 240 000","Europe","AI; DeepTech; ClimateTech","€1M–€15M","Seed, Series A, Series B, Series C","2025-11-16","Nov"
"United Kingdom","Backed VC","","III","backed.vc","€86 000 000","€86 000 000","$99 433 200","Europe","AI; Biotech; Crypto; Industrial Tech","€430k–€4.3M","Pre-Seed, Seed","2025-11-13","Nov"
"Finland","Vendep Capital","https://www.linkedin.com/company/vendepcapital/","IV","vendep.com","€80 000 000","€80 000 000","$92 496 000","Baltics; Nordics","AI; SaaS; B2B","€100k–€3M","Pre-Seed, Seed, Series A","2025-11-13","Nov"
"Denmark","Unconventional Ventures","https://www.linkedin.com/company/unconventional-vc/","II","unconventional.vc","€52 000 000","€52 000 000","$60 122 400","Nordics","ClimateTech; ImpactTech; Healthtech","N/A","Pre-Seed, Seed","2025-11-11","Nov"
"Italy","Step Fund","","I","stepventure.eu","€30 000 000","€30 000 000","$34 686 000","Italy","Fintech; Healthtech; B2B; AI","N/A","Pre-Seed, Seed","2025-11-11","Nov"
"United Kingdom","Cocoa Ventures","","II","https://cocoavc.com/","$8 900 000","€7 697 630","$8 900 000","Europe","Agnostic","$200k–$500k","Pre-Seed, Seed","2025-11-11","Nov"
"Luxembourg","Balnord","","I","balnord.vc","€70 000 000","€70 000 000","$80 934 000","EE; Baltics; Nordics","SpaceTech; Healthtech; Industrial Tech; Defence","€0.5M–€3M","Seed, Series A","2025-11-07","Nov"
"Germany","Oyster Bay Venture Capital","","II","https://www.oysterbay…","€100 000 000","€100 000 000","$115 620 000","DACH; Nordics","FoodTech; ClimateTech; AgriTech","N/A","Seed, Series A","2025-11-06","Nov"
"Netherlands","Rubio Impact Ventures","","III","rubio.vc","€70 000 000","€70 000 000","$80 934 000","Europe","ClimateTech; ImpactTech","N/A","Series A, Series B","2025-11-06","Nov"
"Portugal","Armilar Venture Partners","","IV","armilar.com","€120 000 000","€120 000 000","$138 744 000","Europe; Spain; Pt…","AI; Cyber Security; Fintech; Healthtech; SpaceTech; Defence","N/A","Series A","2025-11-05","Nov"
"Netherlands","TIN Capital","","V","https://www.tincapital…","€80 000 000","€80 000 000","$92 496 000","Europe","Cyber Security","N/A","Series A, Series B","2025-11-05","Nov"
"Sweden","Inception Fund","","I","https://www.inception…","€21 000 000","€21 000 000","$24 280 200","Baltics; Nordics","AI; B2B","€0.1M–€0.5M","Pre-Seed, Seed","2025-11-05","Nov"
"Czech Republic","United Founders","https://www.linkedin.com/company/unitedfounders/","I","unitedfounders.vc","€80 000 000","€80 000 000","$92 496 000","Europe","MedTech; Defence; DeepTech","Up to €1M","Pre-Seed, Seed","2025-11-04","Nov"
"Netherlands","henQ","","V","henq.vc","€67 600 000","€67 600 000","$78 159 120","Europe","B2B; SaaS","€1–€10M","Seed, Series A","2025-11-04","Nov"
"Switzerland","Emerald Global Water Fund II","","II","emerald.vc","€60 000 000","€60 000 000","$69 843 652","Global","ClimateTech","–","Seed, Series A, Series B","2025-10-30","Oct"
"Germany","GIMIC Ventures I","","I","gimic.vc","€100 000 000","€100 000 000","$116 406 087","Europe; DACH","DeepTech; SaaS; Healthtech; ClimateTech","€200k–€2M","Pre-Seed, Seed, Series A","2025-10-26","Oct"
"Austria","Calm/Storm Fund II","https://www.linkedin.com/company/calmstorm/","II","calmstorm.vc","€30 000 000","€30 000 000","$34 921 826","Europe","Healthtech","€50k–€500k","Pre-Seed, Seed","2025-10-24","Oct"
"Sweden","SKF Ventures","","–","skf.com","","","","Europe","Industrial Tech; Energy; ClimateTech","–","Pre-Seed, Seed","2025-10-23","Oct"
"United Kingdom","Foresight North West Fund VIII","","VIII","foresightgroup.eu","£90 000 000","€103 257 000","$120 197 433","UK","Agnostic","£1–15M","Series C","2025-10-23","Oct"
"Spain","Abac Nest II","","II","abacnest.abaccapital…","€21 000 000","€21 000 000","$24 445 278","Spain","Fintech; AI; Healthtech; B2C","€0.05M–€0.5M","Pre-Seed, Seed","2025-10-23","Oct"
"Finland","Lifeline Ventures Fund VI","https://www.linkedin.com/company/lifeline-ventures/","VI","lifelineventures.com","€400 000 000","€400 000 000","$465 624 348","Europe","Agnostic","–","Pre-Seed, Seed, Series A","2025-10-21","Oct"
"France","Polytechnique Ventures II","https://www.linkedin.com/company/polytechnique-alumni/","II","polytechnique-ventures.fr","€21 000 000","€21 000 000","$24 445 278","France","AI; Healthtech; Energy; Fintech; Industrial Tech; DeepTech","€250k–€1M (up to €2M)","Pre-Seed, Seed","2025-10-21","Oct"
"United Kingdom","Esports Global Fund","","I","esportsglobal.com","€47 000 000","€47 000 000","$54 710 861","Global","Gaming; Esports","N/A (deal-specific)","Seed, Series A, Series B","2025-10-20","Oct"
"United Kingdom","Odyssey Ventures Fund I","","I","odyssey.ventures","€70 000 000","€70 000 000","$81 484 261","Europe","Advanced Materials; DeepTech; Industrial Tech","–","Pre-Seed, Seed, Series A","2025-10-15","Oct"
"United Kingdom","Spex Capital Fund I (Venture HealthTec…)","","I","spexcapital.com","€100 000 000","€100 000 000","$116 406 087","Europe; US","Healthtech; MedTech","up to €5M","Seed, Series A, Series B","2025-10-14","Oct"
"Italy","Maia Ventures Fund I","","I","maia.vc","€55 000 000","€55 000 000","$64 023 348","Europe","ClimateTech; FoodTech; AgriTech","€0.5M–€1.5M","Seed, Series A","2025-10-14","Oct"
"Netherlands","NP-Hard Ventures Fund II","","II","nphard.vc","€25 000 000","€25 000 000","$29 101 522","Europe","DeepTech; AI; Robotics; Defence","€0.25M–€0.55M","Pre-Seed, Seed","2025-10-11","Oct"
"Croatia","PCP SEE Fund II","https://www.linkedin.com/company/provectus-capital-partners/","II","provectus-capital.com","€162 500 000","€162 500 000","$189 159 891","SE; Croatia; Bulg…","B2B; Healthtech; B2C","€15–25M","Series A, Series B, Growth","2025-10-08","Oct"
"Germany","Verne Capital Fund I","","I","vernecapital.vc","€100 000 000","€100 000 000","$116 406 087","DACH; Ukraine","Defence; Cyber Security","–","Pre-Seed, Seed","2025-10-03","Oct"
"United Kingdom","Creator Fund (PhD Fund I)","","I","–","€38 000 000","€38 000 000","$44 234 313","Europe","AI; DeepTech; Life Sciences","~$0.75M","Pre-Seed, Seed","2025-10-03","Oct"
"Netherlands","Forward.one Fund III","https://www.linkedin.com/company/forward-one/","III","forward.one","€200 000 000","€200 000 000","$232 812 174","Benelux; DACH","Industrial Tech; Robotics; Semiconductors; DeepTech; ClimateTech; Hardware","€1–3M","Seed, Series A","2025-10-02","Oct"
"Austria","Blum Ventures (CVC)","-","I","n/a","","","","DACH; Nordics","Industry 4.0; Industrial Tech; IoT; Autonomous Systems","€0.5M–€3M","Pre-Seed, Seed, Series A","2025-10-01","Oct"
"France","Serena Fund IV","https://www.linkedin.com/company/serenavc/","IV","serena.vc","€200 000 000","€200 000 000","$232 812 174","Europe; France","AI; ClimateTech; Energy","€3M–€15M","Seed, Series A, Series B","2025-10-01","Oct"
"Poland","Expeditions Fund II","","II","expeditionsfund.com","€100 000 000","€100 000 000","$116 406 087","Europe","DeepTech; Defence; Cyber Security; SpaceTech","€0.25–5M","Pre-Seed, Seed, Series A","2025-10-01","Oct"
"United Kingdom","Concept Ventures Fund II","","II","conceptventures.vc…","","","","UK; Europe","Agnostic","up to $1.5M","","2025-09-30","Sep"
"Germany","May Ventures Fund I","","I","mayventures.vcequity.t…","","","","Germany; Europe","AI","N/A","","2025-09-30","Sep"
"Luxembourg","Notion Capital Growth Opportunities","","III","https://www.notion.vc/","","","","Europe","SaaS; AI; Defence; Fintech","N/A","","2025-09-30","Sep"
"United Kingdom","Creator Fund","","I","https://www.thecreator…","","","","Europe","AI; Robotics; DeepTech; Biotech","€750k","","2025-09-29","Sep"
"United Kingdom","Evantic Capital (Fund I)","","I","n/a (Evantic Capital)","","","","Europe; US; Israel","B2B; AI; Enterprise software","$20–50M","","2025-09-29","Sep"
"Netherlands","DFF Ventures Fund","","III","https://www.dff.venture…","","","","Europe","Marketplaces; SaaS; Ecommerce; AI","€250k–€2.5m","","2025-09-25","Sep"
"Greece","Big Pi Ventures Growth Fund I","","I","bigpi.vceu-startups.co…","","","","Greece","Agnostic","€7–20M","","2025-09-24","Sep"
"France","C4 Ventures Fund III","","III","https://c4v.com","","","","Europe","AI; DeepTech; Robotics; Hardware; Semiconductors","€3–5M","","2025-09-23","Sep"
"France","Ventech Capital VI","","VI","ventechvc.comvestbe…","","","","Europe","Industrial Tech; AI; Cyber Security; Healthtech","N/A","","2025-09-22","Sep"
"France","Jolt Capital Fund V","","V","https://www.jolt-capita…","","","","Europe","Industry 4.0; AI; DeepTech; Cyber Security; Mobility; Advanced Materials; Semiconductors","€10–50M","","2025-09-19","Sep"
"Poland","Vastpoint I","","I","vastpoint.vcvestbee.cc…","","","","CEE","AI; Healthtech","€500k–€750k","","2025-09-19","Sep"
"Latvia","Outlast Fund I","","I","outlastfund.comvestbee…","","","","Baltics; Nordics","Agnostic","up to €250k (pre-seed) / …","","2025-09-18","Sep"
"United Kingdom","BNVT Capital Fund I","","I","n/a (London-based)","","","","Europe; US","AI; ImpactTech; Agnostic","$3–7M","","2025-09-17","Sep"
"Czech Republic","Aspire11 Fund I","","I","aspire11cap.comvestbe…","","","","Europe","Agnostic","€10–30M","","2025-09-16","Sep"
"France","Kurma Biofund IV","","IV","https://www.kurmapart…","","","","Europe","Healthtech; Biotech","€5–10M","","2025-09-12","Sep"
"Switzerland","Una Terra Circular Economy Growth F…","","I","https://unaterra.vc","","","","Europe; MENA; U…","ClimateTech; Circular Economy","€2–5M","","2025-09-12","Sep"
"United Kingdom","Claret European Growth Capital Fund","","IV","https://claret-capital.co…","","","","Europe","Life Sciences; ClimateTech; DeepTech","Venture debt facilities (~…)","","2025-09-10","Sep"
"Austria","Speedinvest Continuation Fund I","","I","speedinvest.com…","","","","Europe","Agnostic","N/A","","2025-09-09","Sep"
"Germany","Vireo Ventures Electrification Fund I","","I","vireo.vcvestbee.com","","","","Europe","ClimateTech; Energy; Mobility","€500k–€1.4M","","2025-09-09","Sep"
"France","M2care","","I","https://www.m2.care","","","","France; Europe","Healthtech","€2–4M","","2025-09-03","Sep"
"Estonia","Siena Secondary Fund","","II","https://siena.ee/","","","","Baltics; CEE; Nor…","Agnostic","N/A","","2025-09-02","Sep"
"Switzerland","Lakestar Continuation Fund","","I","https://lakestar.com","","","","Europe","Agnostic","N/A","","2025-08-28","Aug"
"Denmark","byFounders Fund","","III","https://www.byfounder…","","","","Nordics; Baltics","Agnostic","N/A","","2025-08-26","Aug"
"Portugal","Ventures.eu Fund","","I","https://ventures.eu","","","","Europe","AI; DeepTech","€250k–€2M","","2025-08-25","Aug"
"Denmark","Salling Seeds","","I","https://sallinggroup.co…","","","","Baltics; Denmark","ClimateTech; RetailTech","€0.67M–€2.67M","","2025-08-20","Aug"
"United Kingdom","Clean Growth Fund","","II","https://cleangrowthfun…","","","","UK","ClimateTech; Energy; Mobility","€0.58M–€5.8M","","2025-08-18","Aug"
"Sweden","Norrsken Evolve","","I","https://norrskenevolve…","","","","Europe","AI; ClimateTech; Healthtech; Biotech; Robotics","€250k","","2025-08-18","Aug"
"Poland","Spire Capital Partners Fund I","","I","https://spirecap.eu","","","","CEE","Agnostic","€5M–€20M","","2025-08-14","Aug"
"Denmark","Delphinus Venture Capital","","I","https://delphinus.vc","","","","Denmark","Healthtech; ClimateTech","Not specified","","2025-08-13","Aug"
"Germany","SIventures II","","II","https://smartinfrastruct…","","","","DACH","AI; Enterprise software; PropTech; Healthtech; Energy","Up to €500k","Pre-Seed; Seed","2025-08-05","Aug"
"Bulgaria","Vitosha Ventures II","","II","https://vitosha.vc","","","","Bulgaria","Agnostic","€25k–€1M","Pre-Seed; Seed","2025-08-01","Aug"
"Norway","Alliance Nordic III","","III","https://alliance.vc","","","","Nordics","AI","€0.3–€3M","Seed","2025-07-01","Jul"
"Germany","Auxxo Female Catalyst Fund II","","II","https://auxxo.de","","","","Europe","Agnostic; Female Founders","€0.35–0.8M","Pre-Seed; Seed","2025-07-01","Jul"
"Denmark","BlackWood Ventures Fund I","","I","https://blackwood.vc","","","","Europe","Web3; ClimateTech; Fintech","N/A","Pre-Seed; Seed","2025-07-01","Jul"
"Netherlands","CapitalT Fund II","","II","https://capitaltvc.com","","","","Nordics; Western E…","ClimateTech; Future of work","N/A","Pre-Seed; Seed","2025-07-01","Jul"
"France","Eurazeo Growth AI Fund","","IV","https://www.eurazeo.c…","","","","Europe","AI","€20M–€100M","Growth; Series C","2025-07-01","Jul"
"Ukraine","Flyer One Ventures Fund V","","V","https://flyerone.vc","","","","CEE; Ukraine","Agnostic","Up to €1.2M","Pre-Seed; Seed","2025-07-01","Jul"
"United Kingdom","Growth Capital Partners Fund VI","","VI","https://www.growthcap…","","","","Europe; UK","Agnostic","N/A","Growth","2025-07-01","Jul"
"Sweden","Norrsken Foundation – “AI for Good”","","N/A","https://norrsken.vc","","","","Europe","ImpactTech; ClimateTech","N/A","Pre-Seed; Seed; Series A","2025-07-01","Jul"
"Spain","Nzyme (Kibo Ventures)","","I","https://kiboventures.co…","","","","Spain","B2B","€15–20M","Growth","2025-07-01","Jul"
"Germany","Project A Ventures Fund V","","V","https://www.project-a…","","","","UK","Fintech; Agnostic; AI","N/A","Pre-Seed; Seed","2025-07-01","Jul"
"United Kingdom","Venture.Community Co-fund","","I","https://venture.commun…","","","","UK","Agnostic","N/A","Pre-Seed; Seed","2025-07-01","Jul"
"Lithuania","Iron Wolf Capital Fund II","","II","https://ironwolfcapital…","","","","Baltics; EE","DeepTech","€0.5–2M","Seed","2025-06-12","Jun"
"France","ISAI Growth Tech Fund","","N/A","https://isai.fr","","","","France; Benelux","Agnostic","€10M–€50M","Growth","2025-06-12","Jun"
"Czech Republic","KAYA Fund V","","V","https://kaya.vc","","","","CEE","Agnostic","€1M–€3M","Pre-Seed; Seed; Series A","2025-06-12","Jun"
"Poland","Movens Capital Fund II","","II","https://movenscapital…","","","","CEE","Enterprise software; AI; ClimateTech; Fintech","€250k–€3M","Pre-Seed; Seed; Series A","2025-06-12","Jun"
"France","Omnes Capital – Real Tech Fund 2","","II","https://www.omnescap…","","","","Europe","DeepTech","N/A","Series B; Series C; Growth","2025-06-12","Jun"
"Germany","Realyze Ventures Fund I","","I","https://realyzeventures…","","","","Europe","PropTech","N/A","Pre-Seed; Seed","2025-06-12","Jun"
"Germany","TechVision Fund II (TVF)","","II","https://tvf.vc","","","","Germany; Benelux","DeepTech","N/A","Pre-Seed; Seed","2025-06-12","Jun"