Full Name,Country,Notable Investments,Investment areas of interest,LinkedIn
 Claudia Baumgart,Germany ,"Animoca Brands, Refurbed, experify, circuly, Blaue Helden, Montredo, Zezam, Along, Atfinity",Retail and consumer tech (and adjacent),linkedin.com/in/claudiabaumgart
Agathi Galani,Greece,,,
Agnes Le Saux-Narjoz ,Belgium ,,,https://www.linkedin.com/in/agnes-le-saux-narjoz-99402a7/
Aino-Maija Haarla,Finland,,,https://www.linkedin.com/in/ainomaija-s-haarla-81a33645
Alessandra Piccinino ,Italy,,Diversified sectors ,http://linkedin.com/in/alessandra-piccinino-5b921821
Aletta Stas,Switzerland,,,https://www.linkedin.com/in/aletta-stas-bax/
Alexandra Morrow,United Kingdom,"Circe Biosciences, Root","Climate tech, food and ag tech, health tech, fem tech.",https://www.linkedin.com/in/alexandra-ali-morrow-6080735
Alice Bentinck,United Kingdom,"Supercritical, Koru Kids, Blue Vision Labs (plus the whole EF portfolio)",,https://www.linkedin.com/in/alicebentinck/
Amanda Dyjecinski,United Kingdom,,,https://www.linkedin.com/in/amandadyjecinski
Amanda Jones Floyd,United Kingdom,,"Marketplaces, consumer, gem tech, sustainability ",https://www.linkedin.com/in/amandajonesfloyd
Amber Ghaddar,United Kingdom,,"crypto, blockchain, fintech, deep tech, regtech, femtech, climatech, agritech, developers tools, gaming, circular economy, foodtech",https://www.linkedin.com/in/amberghaddar/
Ami Kotecha,United Kingdom,,Prop tech/Fin-tech/Green-Tech,https://www.linkedin.com/in/amikotechaamro/
Ana Barjasic,United Kingdom,,,https://www.linkedin.com/in/ana-barjasic/
Ana Paula Reis,Portugal,"Didimo, Colvin, Casafari, Psious, Impress, Ritmo, Kubbo, Legal Vision, Frenetic, Defined Crown, Zaask, etc.","Digital, Life Science, Clean Energy, Information Technologies and Marketplaces",https://pt.linkedin.com/in/apreis
Ana Wolsztajn,Czech Republic,,"B2B SaaS, healthtech, cleantech, femtech, silvertech",https://www.linkedin.com/in/anawolsztajn
Ana-Maria Yanakieva,United Kingdom,,,https://www.linkedin.com/in/ana-maria-yanakieva/
Andrea Berchowitz,United Kingdom,,,https://www.linkedin.com/in/andreaberchowitz/
Andrea Buhover,Switzerland,Equity Pitcher,Partner/MD,
Andrea Kranzer,Germany,,,https://www.linkedin.com/in/akranzer/
Andrea Sinclair,United Kingdom,,Female founders,https://www.linkedin.com/in/andreasinclair
Andrea Zitna,United Kingdom,,,https://www.linkedin.com/in/andrea-zitna-6900092/
Angela Montanari ,Italy,Doorway; Zakeke; Marshmellow Games; ACBC; My Secret Case; Chitè; Rejoint; AorticLab; Deesup,Biomedical; Tech (any); Impact,http://linkedin.com/in/angelamontanari
Angelika Burawska,United Kingdom,SFC Capital,Partner/MD,
Anika Chojnacka,Poland,,,http://linkedin.com/in/anikachojnacka
Anke Huiskes,Netherlands ,"Vaayu, Shellworks, Polar Night Energy",Climate tech ,https://www.linkedin.com/in/ankehuiskes/
Ann-Tho CHUONG DEGROOTE,France,,,https://www.linkedin.com/in/anhthochuong/
Anna Brandt,Netherlands ,"Vay, Lemon Markets, Social Handshake, Quan, Cobee",Future of Work; HRTech; Fintech,https://www.linkedin.com/in/annabrandt/
Anna Cichaszek,Germany,,,https://www.linkedin.com/in/anna-cichaszek-54a077107/
Anna De Stefano,Italy,"Genomeup, Yobs Technologies, StartupItalia","Impact, edtech, legaltech, digital, healthtech",www.Linkedin.com/in/annads 
Anna Maria Siccardi,Italy,"Genenta Science, MySecretCase, FitPrime, Fleep Technlogies",Digital ,https://www.linkedin.com/in/annasiccardi/
Anna Nordell Westling,Sweden,"Left or Right, Greta, Mobilimeet","Foodtech, Femtech, Edtech",https://www.linkedin.com/in/anna-nordell-westling/?originalSubdomain=se
Anna Podkowinska-Tretyn,Poland ,"Mindgram, Skriware, Sidly","Edtech, Medtech",https://www.linkedin.com/in/anna-podkowinska-tretyn-0998b6/
Annamaria Tartaglia,Italy,Renoon - Eligo Milano - DressYouCan - Palatò,Femtech + Foodtech + Fashiontech,https://www.linkedin.com/in/atartaglia/
Anne Worsoe,Norway,,,https://www.linkedin.com/in/anneworsoe/
Annegien Blokpoel ,Netherlands ,"Greenstory, Buywith, BitsofStock, Vurdere",,https://www.linkedin.com/in/annegienblokpoel/
Anniken Fjelberg,Norway,"Voisey, IndyRiot, Graphiq, Inzpire.me, Pexip, No Isolation, Feddie Distillery, Vibbio og Strise, Vaccibody, Quantafuel og Ascenium",Creative industries and female founders (but also much more),https://www.linkedin.com/in/anniken-fjelberg-31a5632/
Annukka Mickelsson,Finland,,,https://www.linkedin.com/in/annukkamickelsson
Antonella Grassigli,Italy,"Vitesy, pep therapy, renoon, ACBC, deliveristo,, rejoint, brots, Chite’, wall street football, mysecretcase, garanteasy  ",,HTTPS://www.linkedin.com/in/antonellagrassigli
Aurore Belfrage,Sweden,,,https://www.linkedin.com/in/aurorebelfrage/
Aytul Ercil,Turkey,,,https://www.linkedin.com/in/aytul-ercil-b833b43/
Beate Fastrich,Germany ,"Aeyde, gitti, medbelle, CheckYeti, Procuros, Vantis, one.five, 42Watt","Consumer, health tech, sustainability tech",https://www.linkedin.com/in/beate-fastrich-b2b15980/
Benedicte de Raphaelis Soisson,France,"Dalma, Gourmey, Claap",,https://www.linkedin.com/in/benedictederaphelissoissan/
Bérénice Magistretti,United Kingdom,"lagatta, HANX, The Joy Club","Femtech, consumer, Gen Z",https://www.linkedin.com/in/b%C3%A9r%C3%A9nice-magistretti-95218b26/
Beta Lucca,United Kingdom,"BeautyStack, Loveshark, Heights, Gwella, Fertility Circle","Consumer, Femtech, HealthTech, Gaming, female founders",https://www.linkedin.com/in/robertalucca/
Bri Cho,United Kingdom,"Odin, Honest Mobile, Maximus, etc.",Sector agnostic,https://www.linkedin.com/in/briannaycho/
Camille Bossel ,Switzerland,,,
Camille Kriebitzsch,France,,,https://www.linkedin.com/in/camille-kriebitzsch-8bb61251/?locale=en_US
Carole Ackermann,Switzerland,"Kidscircle.io, Glycemicon AG, Yova",,https://www.linkedin.com/in/caroleackermann/
Carole Colin Kjaer,France,Premedit,"Health, sport, consumer goods, ecommerce, sustainability ",https://www.linkedin.com/in/carole-colin-kjaer
Carolina Brochado,United Kingdom,,,
Carolina Gianardi,Italy,"Rentuu, Aortilab, Cellply, Deephound, Winegrid","Digital, Fintech, Life Science",https://www.linkedin.com/in/carolinagianardi
Carolina Walther,Sweden,,"Fintech, climate, medtech, b2b, b2c",http://linkedin.com/in/carolina-walther-2b454672
Caroline Hjelm,Sweden,"Bumpy app, AllGravy, Lassie, Estrid, Guestit, Nothing",Consumer ,https://www.linkedin.com/in/caroline-hjelm-b86574a8/
Caroline Hudack,United Kingdom,,,https://www.linkedin.com/in/carolinehudack/
Cathe Lamarque,France,,,https://www.linkedin.com/in/cathe-lamarque-13390317b/
Catherine Barba,France,,,https://www.linkedin.com/in/cashstore/?originalSubdomain=fr
Catherine Lenson,United Kingdom,"XigXag, Tandem",,
Celia Maury ,Germany ,Viou ,Healthtech ,https://de.linkedin.com/in/celia-maury-90b85384/en
Chantal Baudron,France,"Flease, Hidden Market, Singulart",,https://www.linkedin.com/in/chantalbaudron/
Chantal Noble Haldorsen,United Kingdom," INNE, Mojo ",femtech and reproductive health,https://www.linkedin.com/in/chantal-noble-haldorsen/
Charmaine Hayden ,United Kingdom,,,
Chenelle Ansah,United Kingdom,"Sojo, Boxx London, ByRotation, Nudea, Unhidden Beauty, Lasso Loop, Waya Money (Africa), Upskill (Africa), ",Climate tech & Financial Incision ,http://linkedin.com/in/chenelle-ansah
Christelle Jager Hafstad,Italy,"Pitpat, AgenT, Clarity Health Technologies, Portofino Property SRL (all female enterprise in Italy)- most recent (others in past)",disruptive life changing technologies,https://www.linkedin.com/in/christelle-jager-hafstad-3a67b14
Christina Caljé,Netherlands,"Unless, Isthmuus, Beazy, Odin, Pipe","Ecommerce, fintech, Adtech, AI-based systems",https://www.linkedin.com/in/chriscalj/
Cindy Naegel ,Belgium ,,,https://www.linkedin.com/in/cindy-naegel-0384704/
Claire Bretton,France,"Alegria, Talk",,
Claire Harwood,UK,GainX. Muse. Dame. NuW. Kore. DAI.,Tech,http://linkedin.com/in/claire-harwood-1191a616
Claire Tange,Netherlands,,,https://www.linkedin.com/in/clairetange/
Clara Pombo,Spain ,"Marsi Bionics, Co-Circula, Bio2coat",Deeptech,https://www.linkedin.com/in/clara-pombo/
Clare Johnston,United Kingdom,"Code First Girls, Ravio","SaaS, marketplaces, fintech, impact",https://www.linkedin.com/in/clarejohnstontheupgroup/
Clare Mary Jones,United Kingdom,,,
Claudine Ang,"United Kingdom, Norway","Bubble, InChorus, Foodstuff + others","Underrepresented founders, sustainability",https://www.linkedin.com/in/claudine-a-b81533188/
Constance Mantle,United Kingdom,,,https://www.linkedin.com/in/constancemantle/
Constanze Buchheim,Germany ,"Delivery Hero, Hitfox, Remi, Leila Fertility, Loopline, 99chairs, MorphAIS plus VC Funds like Revent, Cavalry Ventures etc.","HR Tech, Recruiting, Culture, Org Building, Diversity, Sustainability",https://www.linkedin.com/in/constanzebuchheim/?locale=en_US
Corinne Vigreux,Netherlands,"Fest Amsterdam, Ace & Tate",,https://www.linkedin.com/in/corinnevigreux/
Cornelia Gut-Villa,Switzerland,"Morgen, RAUMPIONERE",,
Cristina Ljungberg,Sweden,"Clue, Hanx, Meela, Planera, Vyld, LEIA","Women's Health, Femtech",https://www.linkedin.com/in/cristinaljungberg/
Daiva Rakauskaite,Lithuania,,"Healthtech, Femtech.",https://www.linkedin.com/in/daiva-rakauskaite-cfa-886789b/
Dalia Aga-Shaw,United Kingdom,"Monzo, Kuri Saude, Kanjo Health, GrandNanny, Financielle, Juniver, The Lowdown, Tangent, Unfabled","Dalia co-founded 3SV Collective, a London-based angel network pioneering gender-smart investing in venture capital in Europe. 3SV Collective is on a mission to close gender gaps by backing extraordinary entrepreneurs creating tech-enabled solutions that serve the unmet needs of women in FemTech, FinTech, EdTech and Family Tech",https://www.linkedin.com/in/dalia-aga-shaw/
Daniela Esposito,Italy,,,https://www.linkedin.com/in/daniela
Delphine Remy-Boutang ,France,"HStar Space , ONTBO , Pick Me , Captain Cause ",Women - tech - deeptech - space - impact ,https://www.linkedin.com/in/delphineremyboutang
Denise McQuaid,United Kingdom,,,https://www.linkedin.com/in/denisemcquaid/
Dessislava Kovacheva ,Bulgaria,"https://tinusaur.org/, https://blondegonerogue.com/ ",,https://www.linkedin.com/in/dessislava-kovatcheva-25b7061/
Devika Thapar,United Kingdom,"Madefrom.io, Inspektlabs, CureSkin","Deep tech, biotech, climate tech ",https://uk.linkedin.com/in/devikathapar
Diana Biggs,"Switzerland, UK",,"crypto/web3, impact, fintech",
Diana Stafie,Romania,Palmo,,https://www.linkedin.com/in/dianastafie
Diana zur Löwen,Germany ,"Junto, Ostrom, Nelly, Femtasy, Flooz, Fina, Ohia, heyfina","Women Founders, ",https://www.linkedin.com/in/diana-zur-löwen-283a4ab7/
Dilek Dayinlarli,Turkey,,,https://www.linkedin.com/in/dilekdayinlarli/
Dinika Mahtani,United Kingdom,"PeopleMatter, Moody, imVitro",Femtech / Health / Climate,https://www.linkedin.com/in/dinika-mahtani-0a2494158/
Donna Hanafi,Sweden,"Mindmore, ImagiLabs",Consumer,Https://linkedin.com/in/donnahanafi
Doreen Huber,Germany,,,https://www.linkedin.com/in/doreenhuber/
Dr. Jana Hecker,"United Kingdom, Germany ","Gastrofix, Everphone, Spot Ship, Vivira Health Lab, apoQlar, Melli/meetap, Strolll, Remojo, Titan Academy, alphine, GOCOMO, transpaygo, forexfix, N26","SaaS b2b and enterprise software, DTX, NewSpace, FinTech",https://www.linkedin.com/in/jana-hecker-58576311?originalSubdomain=uk
Ebi Atawodi,Netherlands,"Origin, Memri, Shackle",,https://www.linkedin.com/in/ebiatawodi/
Edna Irani-Fey,France,,,
Edwina Johnson,United Kingdom,"Fiat Republic, Rosaly, OPTO, Gravel, Grunfin ","fintech, B2B SaaS, diverse founders, economic empowerment ",https://www.linkedin.com/in/edwinajohnson/
Eileen Burbidge,United Kingdom,"As personal/angel investor (all in last 12 mos): YHANGRY, Honest Mobile, Laylo, Sproutl, Tuune, Ethereal Ventures Fund I LP ",,linkedin.com/in/eileenburbidge
Elaine Groenestein,United Kingdom,,,https://www.linkedin.com/in/elainegroenestein/
Elissa Grey,"Italy, United Kingdom","Hapi, Climate X, Compare Ethics","GreenTech, HealthTech, AgeTech, Femtech",https://www.linkedin.com/in/elissagrey/
Elizabeth Kleinveld,Netherlands ,,,https://www.linkedin.com/in/elizabeth-kleinveld-1493ab/?originalSubdomain=nl
Elizabeth Pauchet,France,,,https://www.linkedin.com/in/elizabeth-pauchet/
Ellen Moeller,UK ,Wequity,,https://www.linkedin.com/in/ellen-moeller-2a85b42b/
Ellie Asgari,United Kingdom,"Fungi Alert, Good Life Sorted, ImproveWell",Heath tech; sustainability,https://www.linkedin.com/in/ellie-asgari-3891079/
Elsa Hermal,"Portugal, France","Yacon & co, Underdog, Lyv, Carbone Farmers, Révolte, re-groop",Impact. Climate. Mental health. Psychedelics. Femtech. Foodtech. Edtech,https://www.linkedin.com/in/elsahermal
Elsa Hyland ,Sweden,"Meela, Mendi ","Healthtech, metal health",https://www.linkedin.com/in/elsahyland/
Emilie (Cavallo) Dellecker,Switzerland,,,
Emma Blackburn,United Kingdom,"Lick Home, Monolith AI, Ascension Ventures, Mobilus Labs, Spoke World, Sxollie, BRB Travel, Nook, Heygo, Rebank Technologies, incuto, Veratrak, The Shellworks, Alacrity Law ",,https://www.linkedin.com/in/emmablackburn1/
Emma Tracey,Germany ,"GraphCMS, Manara, CurveCatch, Faircado",,https://www.linkedin.com/in/emmalouisetracey/
Emmanuèle Attout ,Belgium ,,,https://www.linkedin.com/in/emmanu%C3%A8le-attout-9229748a/
Emmanuelle Brizay,United Kingdom,"Big Mamma, Underdog, Neat.protect, Clever Cards, Kard, Lane Health, Medsaf, Ascendance Flight technologies, XXII,","Consumer, fintech, medtech, AI",https://www.linkedin.com/in/emmanuelle-brizay-2884b3/
Emmie Faust,United Kingdom,"Jude, Babbu, Eric, Me+ Em",,https://www.linkedin.com/in/emmiefaust
Erika Hombert,Sweden,,Food tech and health tech,https://www.linkedin.com/in/erikahombert/
Ersilia Molnar ,United Kingdom,"Ocean Bottle, Conduit Club ",Blue Economy ,http://linkedin.com/in/ersilia-molnar-85a12a
Esther Delignat,United Kingdom,Claap,,https://www.linkedin.com/mwlite/in/estherdlr
Esther Reynal de Saint Michel,United Kingdom,"Bea Fertility, MyMynd, Slip, DemDx","MedTech, Healthcare",https://www.linkedin.com/in/esther-richardot-reynal-de-st-michel
Eva Spannagl,Germany ,"Root Global, Sikoia, Deeploi, Moss","B2B Saas, Fintech",https://www.linkedin.com/in/evaspannagl/
Eva Tarasova ,United Kingdom,"Simba, edgify, wise, Kair ","Consumer, biotech, deeptech, underlying theme of ‘below the waste, above the knee’ ",http://linkedin.com/in/eva-t-a8a2b21a
Evelina Anttila,Sweden,,,https://www.linkedin.com/in/evelinaanttila
Evelyn Bourke,United Kingdom,,,https://www.linkedin.com/in/evelyn-bourke/
Evelyn Simpson,United Kingdom,Neatebox,,
Evgenia Plotnikova,United Kingdom,"Testgorilla, wisenoze, block party","Ed Tech, health tech, climate tech, future of work, new social tech ",https://www.linkedin.com/in/evgeniaplotnikova
Fabiola Hochkirchen,Germany,,,
Fausta Pavesio,Italy,,,https://www.linkedin.com/in/faustapavesio/
Fiona Pathiraja,"Denmark, United Kingdom","Daye, Inne, Olivia, The Blood, Ferly, Wild AI","health, sextech",https://www.linkedin.com/in/fionapathiraja/
Florence Richardson and Cecile Bassot,France,"Soan, Jubiles, Neta, Urbassist",Female founders,https://www.femmesbusinessangels.org/
Francesca Fiore,Italy,FlexiWAN,,https://www.linkedin.com/in/ffiorx/
Gabriela Orille,Spain,"onyze, hannun, gastrocult, n-vans","fintech, consumer, organic",https://www.linkedin.com/in/gabrielaorille/
Gemma Bloemen,United Kingdom,"Fertility Circle,  Exakt Health, The Shellworks, Untanglegrief.com","Marketplaces, Health tech, Agetech and sustainability.",https://www.linkedin.com/in/gemmabloemen/
Georgie Smallwood,Germany ,"HeyFina, remi.so, Oviavo, Sudor.fit, menta",Women founders,https://www.linkedin.com/in/georginasmallwood/?originalSubdomain=de
Gina Kirch,United Kingdom,,,https://www.linkedin.com/in/ginakirch/
Gloria Baeuerlein,Germany,"Sofia Salud, Datapeople, Pigment, Planetly, Soda, Fiberplane, Quine, Tagr, Remi, Exakt Health","B2B SaaS, Digital Health, Fintech",https://www.linkedin.com/in/gloria-baeuerlein-8b166010/
Gloria Monfrini,United Kingdom,,,https://www.linkedin.com/in/gloriamonfrini/
Grace Cassy,United Kingdom,"Immersive Labs, Tessian, SlashID, Utila, Treeconomy, Spexi","Security, privacy, blockchain, AI",https://www.linkedin.com/in/graceacassy/
Hailey Eustace,United Kingdom,"Wild.AI, PHINXT Robotics, Stealth Climate startup, Pal. ",Deep tech and health tech,www.linkedin.com/in/haileyeustace
Hanadi Jabado,UK ,"Feebris, Flit, Qureight ",HealthTech,https://www.linkedin.com/in/hanadijabado
Hande Enes,Turkey," Appsilon,Servissoft,Webrazzi, Finedine, Menapay and 40 more startups. ",,https://www.linkedin.com/in/hande-enes-77b7ab155/
Hanisha Vaswani,Germany,,,https://www.linkedin.com/in/hanishavaswani/
Hannah Leach,United Kingdom,Orbiit,"Fin-tech, Impact tech",https://www.linkedin.com/in/hannahleach/
Heidi Aven ,Norway,"Fjong, Lendonomy, indy riot, visonomic ","Fintech, female Founders, diversity",https://no.linkedin.com/in/heidiaven
Helene Guillaume,United Kingdom,"Tell app, Causalens, Hey Jane, Precisely",femtech consumer deeptech AI,https://www.linkedin.com/in/heleneguillaume/
Helene Lepetit-Rontani,France,"Ecotable,  beeguard, Wenow, vestack, vufbikes, biomere jubiles, atelier unes, château cazebonne",Following sectors but exclusvely for impact investment: Agriculture food transportation fashion,https://www.linkedin.com/in/helene-lepetit-rontani
Ieva Zubavicoute,United Kingdom,"Good On You, The Knotty Ones, Common Objective","Impact, fashiontech, femtech, sustainable innovation",https://uk.linkedin.com/in/ieva-zubaviciute
Ilaria Fava,Italy,"Georadio (Loquis), Big profiles, v-nova, hotbox ",No,http://linkedin.com/in/ilaria-fava-fava
Ilaria Occhiolini,"France, United Kingdom",,,http://linkedin.com/in/ilaria-occhiolini-9392b1119
Ilinca Păun,Romania,"Bright Spaces, Flip",,https://ro.linkedin.com/in/ilinca-paun-01385b37
Irene Boni,Italy,"Ricehouse, Pep-Therapy, Renoon, Mixcycling, C4Legal, Factanza",Lifescience and Sustainability ,https://www.linkedin.com/in/ireneboni
Isabel Gaspar Pereira,Portugal,Hunter boards,Impact,https://www.linkedin.com/in/isabelgasparpereira/
Isla Munro-Hochmayr,Switzerland,"Roleshare, Gathrer, ETHLend aka AAVE, Productboard, Original Trail aka TRAC","future of work, education, health, sustainable living and media",www.linkedin.com/in/islamunro
Jaana Goeggel,Switzerland,"Calingo, Neur.on",FinTech RetailTech and Digital Health,https://www.linkedin.com/in/jaana-goeggel-769175
Jamisen Jenkins,Germany,"Ascension Ventures, GoHenry, WiseAlpha, MyWave, Tend, Booktrack, The Clinician, Farillio, Elemendar, Playmob, Recycling Technologies, Crowdcube, Sxollie, iDefigo, Mush, Seedrs, Syndicate Room","Fintech, female founders, impact investing",https://www.linkedin.com/in/jami-jenkins-84914781/
Jane Walerud,Sweden,,,www.linkedin.com/in/janewalerud
Jannat Shah Rajan,United Kingdom,"YHangry, InChorus, Dai, HANX",Everything but FinTech,https://www.linkedin.com/in/jannatshah
Janouk Kloosterboer,Netherlands ,"Alpha.One, Cloudprinter, Hodl.nl, Hut8, Planet.Quest, (and several others through their family office)",Tech / Tech for good / Impact Investment,https://www.linkedin.com/in/janouk-kloosterboer-24850149
Jill Goodman,France,"Sungod ,The Uncommon, IXO ,Oxford Bioeletronics, ID Theory,Cosmic Dealer, Plandome Development",,https://www.linkedin.com/in/jill-goodman-14708a129/
Jo Dalton,United Kingdom,"SignoftheTimes, Monk, Ayda, WONE, Lupii, Life Supplies and more...","Female founders, sustainability, health and wellness and tech for good",https://www.linkedin.com/in/jodalton1/
Joanna Törngren Redebrant,Sweden,Meta Inifinity Digital AB,,
Johanna von Herman-Kim,Germany ,,"Ed-tech, consumer-tech, marketplaces",https://www.linkedin.com/in/johanna-von-herman-kim-26302019b/
Jolanda Degen,Netherlands,,,https://www.linkedin.com/in/jolanda-degen-6975017a/
Joo Sundström,Sweden,"Tilly, Ella",Femtech,https://www.linkedin.com/in/joosundstrom/
Julia Baldet,United Kingdom,"Kimaï, Konvi, The Edit LDN","Consumer, luxury, wellness, ecommerce, tech",https://www.linkedin.com/in/julia-baldet-49a74aa4/?originalSubdomain=uk
Julia Dous,Germany,"Fabit (2021), Unea (2021), Apryl (2021), Smart Female Ventures (2021), EqualTime (2022), Vektor (2022), SageWealth (2022), Ride Capital (2022)",At least one of the cofounders should be female,https://www.linkedin.com/in/julia-dous/
Julia Morrongiello,United Kingdom,"Alpher, Bunch Capital, Hello Cash, Payable, Turnkey, Gyro Finance",Fintech and crypto ,https://www.linkedin.com/in/juliamorrongiello/
Justina Banyte,"Norway, Lithuania","Okredo, Votemo, FLXBL","Fintech, Edtech",https://www.linkedin.com/in/justinabanyte/
Justina Chung,United Kingdom,"MVPR, ByRotation, Figures, Zappi","B2B SaaS, B2C SaaS, B2B Marketplaces, Consumer",https://www.linkedin.com/in/justina-chung/
Katharina Juenger,Germany ,"Aware, fides, zavvy, nuwo, ivy, nuumi","B2B Saas, future of work, healthcare",https://www.linkedin.com/in/katharina-juenger/
Katherine Ireland,United Kingdom,,,https://www.linkedin.com/in/katherineireland/
Katia Yakovleva,"Germany, Portugal","Passionfroot, Frequle.io, Chroma","CreativeTech, Female founders",https://www.linkedin.com/in/katiayakovleva/
Katja Ruhnke,Germany,"SKYSEED, whyzzer, upStrive",Edtech and medtech,
Katja Toropainen,Finland,,,https://www.linkedin.com/in/katjatoropainen/
Kerstin Bock,Germany ,"Hier Foods, One.Five, The Climate Choice, Metta Space","food tech, climate tech, deep tech, and anything around the future of community building + media, and of course: diverse founding teams",
Kiana Mardi,Germany ,"Fraud0, owwn, informed ","Climatetech, edutech, Digital Health, Future of Work, inclusion, financial health, impact",https://www.linkedin.com/in/kianamardi
Kim Morrish,United Kingdom,,,https://www.linkedin.com/in/kim-morrish-363390a/
Kiran Sharma,United Kingdom,,"Wellness, health services, pharma services, device ",https://uk.linkedin.com/in/kiran-sharma-98800511
Kirsten Connell,United Kingdom,,,https://www.linkedin.com/in/kirstenconnell/
Kirsti Chou,United States,"Vaayu, Shellworks, Sylvera, Evergrow, Mast (formerly DroneSeed), Noya, Heirloom, Etho Capital, NovaMeat, Quaise, Harvest Thermal, Dispatch Goods, Alga Biosciences, Natilus, Impossible Metals.",climate tech,https://www.linkedin.com/in/kirstichou/
Lara Nuchowicz,Netherlands,"Tia, Cue, Pivot Bio, Daily Harvest, Helaina, Fig beauty, Hally Hair, Partake, Gourmey, La Vie, Bon Vivant, Reglo, Sourse, The Serioud Gut, FUL food, Nowadays, Melibio…","Foodtech, consumer health, femtech",https://www.linkedin.com/in/lara-nuchowicz-660a9966
Lara Rouryes,France,"Jeudimerci, Shapr ",,
Laura Connolly,"United Kingdom, France","Lone Design Club, Uspaah, Common Objective ","Consumer, sustainability, impact ",https://www.linkedin.com/in/laura-c-8a981683
Laura Roguet,France,,,https://www.linkedin.com/in/laura-roguet-60253922/
Lavanya Raja,United Kingdom,"Opensea, Nettle Labs, ByteBeam ","Technology, Impact ",http://linkedin.com/in/lavanya-r-80388916
Lea-Sophie Cramer,Germany,,,https://www.linkedin.com/in/lea-sophie-cramer/
Leena Niemistö,Finland,,,https://www.linkedin.com/in/leena-niemist%C3%B6-01658924/
Lian Michelson ,United Kingdom,"Ready Burger, Cocoli, one.five, Shift, Wise ","Impact, sustainability, circular economy, biotech, food tech (alternative proteins and materials)",http://linkedin.com/in/lian-michelson
Lily Joo,Spain,,,https://www.linkedin.com/in/lilyjoo/
Lin Gong-Deutschmann,Sweden,"Repath, Kerith, Ada Health, Smartex, Kula","Applied AI, Data first companies ",https://www.linkedin.com/in/lin-gong-deutschmann
Lindsay Scott,United Kingdom,"FungiAlert, Pawprint, NatureMetrics",Climate Change,https://www.linkedin.com/in/lindsay-scott-08937483/
Linn-Cecilie Linnemann,Norway,"Lendonomy, visonomic, indy riot, fjong ","Fintech, impact Investment ",https://no.linkedin.com/in/linncecilie
Lisa Enckell,Sweden,,,https://www.linkedin.com/in/enckelli/
Lisa Gradow,Germany ,"Parkdepot, Paretos, Kinetiks, Predium, Kertos.","B2B SaaS, GenZ, LegalTech",https://www.linkedin.com/in/lisa-gradow
Lois Day,United Kingdom,"Kanjo Health, GrandNanny, Financielle, Juniver, The Lowdown, Tangent, Unfabled, Oxa, Bramble Energy","Lois co-founded 3SV Collective, a London-based angel network pioneering gender-smart investing in Venture Capital in Europe. 3SV Collective is on a mission to close gender gaps by backing extraordinary entrepreneurs creating tech-enabled solutions that serve the unmet needs of women in FemTech, FinTech, EdTech and Family Tech",https://www.linkedin.com/in/lois-day/
Lorraine Strauss,France,"Néolithe, Trilobe, Interstellar Lab, Underdog, Socrate, Kumo, Cearitis, Yacon & co","DeepTech & Industry, Impact : Climate, Food, Health, Education",https://www.linkedin.com/in/lorraine-strauss-60640768/
Louise Samet,Sweden,,,https://www.linkedin.com/in/louisesamet/
Lucero Tagle,United Kingdom,"NextUp Comedy, YUTYBAZAR, Digme, Rooftop Cinemas","Femtech, Edtech, Sustainability, cutting edge technology, underrepresented founders",https://www.linkedin.com/in/lucerotagle
Lucie Poisson,Germany ,"Landscape/OpenScout, SpotOn, Dotfile, Guud","SaaS, EdTech, Mobility, FemTech",https://www.linkedin.com/in/lucie-poisson-lp/
Luisa Alemany,United Kingdom,,,https://www.linkedin.com/in/luisa-alemany-46902419b
Luise Ammerschuber,Switzerland,,Impact,https://www.linkedin.com/in/luiseammerschuber
Lurdes Gramaxo,Portugal,"Defined Crown, Casafari, Didimo, Colvin, Psious, Impress, Ritmo, Kubbo, Probely, Frenetic, Wezzie, etc.","Digital, Life Science, Clean Energy, Information Technologies and Marketplaces",https://pt.linkedin.com/in/lurdes-gramaxo-12856bba
Maarit Gockel,Finland,,,https://www.linkedin.com/in/maarit-gockel-35291317
Machela Sathekga,United Kingdom,"FungiAlert, Yonder, TrustElevate","Fintech, Agtech, Edtech",http://linkedin.com/in/machelasathekga
Magdalena Gräff,Sweden,"Leia, Finch, AmbiCare, Medarca, Ommej",,https://www.linkedin.com/in/magdalena-gr%C3%A4ff-1391047/
Malene Enö,Denmark,,Climate and female health ,https://www.linkedin.com/in/malenoe/
Mali M Baum,Germany,,,https://www.linkedin.com/in/mali-m-baum-0353b027/
Maren Hjorth Bauer,Norway,,,
Maria Dramalioti-Taylor,United Kingdom,"Lifebit, Epignosis, Topia, Ometria",B2B enterprise tech in Europe (everything else agnostic).,https://www.linkedin.com/in/dramalioti/
Maria McMenamin,Ireland,"MoveAhead, Lynq, Denturly, Rouvia, Trumpet","B2B SaaS, Marketplaces",https://www.linkedin.com/in/mariamcmenamin/
Mariana Bozesan,Germany ,"DNTOX, XO Life, cureVision, SURGITENT, Tembo Health, Elona Health, Wondder; NDC Data Centers","Exponential Tech (Internet, AI), Renewable Energy and Energy Efficiency, MedTech, HRTech, SaaS",https://www.linkedin.com/in/marianabozesan/
Mariana Grigorian,Switzerland,"SeekSophie, ForgeFiction, Waitrr","Edtech, consumer",https://www.linkedin.com/in/marianagrigorian/?originalSubdomain=ch
Mariëtte Roesink,Netherlands ,"Citryll BV l, Sirius Medical BV, TargED Biotherapeutics BV and Cleara BV",Biotech and healthcare,https://www.linkedin.com/in/mlroesink/
Marina Planas,Spain ,"Wallbox, Woodea, Meetoptics, FemmeUp, Howbout, TheNTWK","Femtech, Sustainability, Platform based business models",https://www.linkedin.com/in/planasmarina
Marina Zaliznyak,Spain ,"Komon, Graphext, Growpro, Banktrack, Startupy, uSizy, Enola, Pharmacelera, Consentio",,https://www.linkedin.com/in/marinazaliznyak/
Marion Chanéac,France,,,https://www.linkedin.com/in/marion-chan%C3%A9ac-a1138918/?originalSubdomain=fr
Marla Shapiro,United Kingdom,"Spoke, Particity, Sxollie, Fungi Alert, The Shellworks","SaaS, deep science sustainability start-ups",https://www.linkedin.com/in/marlafrontyard
Marta-Gaia Zanchi,Spain,,,
Matilde Giglio,Italy,Voosh (YC) https://voosh.in/; TreeCard (https://techcrunch.com/2021/02/25/treecard/); Karbon (YC) https://yourstory.com/2020/03/funding-startup-karbon-card-kunal-shah-angel-seed-round/amp and many others,"Consumer, fintech, health ",https://www.linkedin.com/in/matilde-giglio-774961a8/
Mau Messina,UK,"Oxwash, Zen Educate, Nation Better, Sojo",Impact ,https://www.linkedin.com/in/mau-messina/
Maud Pasturaud,France,"Dalma, Agua Blanca, On Deck",,
Maya Moufarek ,United Kingdom,"Wise/Jude, Fertility Circle, The Lowdown, Mamamade, Roleshare and more",Femtech Healthtech D2C,LinkedIn.com/in/mmoufarek 
Mea Lewis,United Kingdom,"Xnrgy, FeedForward, Orbillion","Foodtech, sustainable materials, climatetech, circular economy ",https://www.linkedin.com/in/mea-l-18286412
Megan Reynolds,United Kingdom,"Skin + Me, Tails.com, Graze.com, Ctrl","Enterprise Software, D2C",http://linkedin.com/in/meganalicereynolds
Meghna Mann,United Kingdom,"Startupy, Mercado Bitcoin, Cover, Backstage Capital","Data Infrastructure, Deep tech, Clean tech, Web3, P2P marketplaces",https://www.linkedin.com/in/meghna-mann/
Melody Lang,United Kingdom,,,https://www.linkedin.com/in/melodylang/
Meryem El Aroui,France,"Funky Veggie, Arianee, Soan",All sectors ,https://www.linkedin.com/in/meryem-el-aroui-031147125/
Michelle Tempest ,United Kingdom,"Medishout  C2-AI, Daye ",Healthcare ,https://www.linkedin.com/in/michelle-tempest-15111b4
Michelle You,United Kingdom,"Project Wren, The Future Forest Company, SINAI","consumer, climate tech",https://www.linkedin.com/in/michelleyou/
Minout van de Ven,Netherlands ,,,https://www.linkedin.com/in/minout-van-de-ven-8aa343/
Monica Ioannidou Polemitis,Cyprus,,,https://www.linkedin.com/in/monica-ioannidou-polemitis-979211b/
Mor Assia and Shelly Hod Moyal,Israel,"Amai Proteins, Better Juice, Immunai","Crypto, foodtech, agritech, digital health, cyber, fintech",https://www.iangels.com/
Morgane Rollando,France,PAULETTE A BICYCLETTE / ETIC / BABYLOAN ,"TECH4GOOD, FINTECH, HUMAN CENTERED COMPANIES",https://www.linkedin.com/in/morganerollando/
Nakeema Stefflbauer,Germany ,"Sojo, SciFree, Compare Ethics, Clearbox.ai",,https://www.linkedin.com/in/nakeema/
Namrata Rastogi,United Kingdom,"OrbitalRX, Memora Health, Lifted Care, Turtletree Labs, Plum",Health-tech,https://www.linkedin.com/in/namratarastogi/
Nardjisse Ben Mebarek,France,,,https://www.linkedin.com/in/nardjissebenmebarek/
Nasreen Alimohamed,United Kingdom,"Haeckels, Vyrao, Inde Wilde, Twig ",Consumer and consumer tech,https://www.linkedin.com/in/nasreenalimohamed
Natalie DeVarona,Spain,,,https://www.linkedin.com/in/natalie-devarona/
Natalie Otwoma,UK,"Sojo, The Renatural, SLIQ, Odin","Consumer, marketplace, deep tech",https://www.linkedin.com/in/natalie-otwoma
Nicole Junkermann,United Kingdom,"Owkin, Bolt, Rippling, Cambrian Biopharma","Biotech, HealthTech, FinTech",https://www.linkedin.com/in/nicolejunkermann/
Nicole Velho,"Spain, United Kingdom",,,https://www.linkedin.com/in/nicole-velho-86b6111/
Nina Faulhaber,"Germany, United Kingdom","Deliveroo, Away, Public, Ceremonia","Consumer products, all areas of daily life, consumer ecosystem b2b, sustainability",https://www.linkedin.com/in/ninafaulhaber/
Noor van Boven,Germany,"Kenjo, OpenUp, Apryl, Anybill, Charly Cares, Lepaya, Teamway","Future of Work, HRtech, Fintech",https://www.linkedin.com/in/noorvanboven/
Noora Fagerström,Finland,,,https://www.linkedin.com/in/noora-fagerstr%C3%B6m-3698286b
Olga Pantelyat,United Kingdom,Byway.travel; The Shellworks; Sxollie; Newcleo,Retail tech; Sustainability,https://www.linkedin.com/in/olgapantelyat/
Pam Garside,United Kingdom,"Accuryx, LVNDR and loads more!",,https://www.linkedin.com/in/pam-garside-9018b55/
Pamela Walker,United Kingdom,"Bea Fertility, MyMynd, DemDx, Samphire, Slip","MedTech, Healthcare ",https://www.linkedin.com/in/drpamelawalker-medtech-lifescience-expert
Paola Bonomo,Italy,"Breadcrumbs.io, Clearbox.ai, Xingu.tech, Conio",,https://www.linkedin.com/in/bonomo/
Paola Bonomo,Italy,,,https://www.linkedin.com/in/bonomo/
Patricia Niego,France,"Oledcomm, Soan, Cypheme, Wild Code School, Creads, Melty, Sir Data, TVTY","Saas, edtech, femtech, marktech",http://linkedin.com/in/patricia-niego-a924a647
Phoebe Hugh,United Kingdom,"Freetrade, Heights, Clothes Doctor, Fnatic, Farewill","Consumer, Fintech, AI, Climate",https://www.linkedin.com/in/phoebehugh
Pippa Lamb,United Kingdom,"BeReal, topi, The Stack, The Expert, Tema, Clubhouse, Contact.xyz, Thing Testing, The Pattern",Consumer digital,https://www.linkedin.com/in/pippalamb/
Poppy Wood,United Kingdom,,,https://www.linkedin.com/in/poppy-wood-04020a33/
Pratima Aiyagari,United Kingdom,"Treblle, YZR",,https://www.linkedin.com/in/pratimaaiyagari
Priya Oberoi,United Kingdom,"Latch Aid, & sisters, Aura","Women's health, fintech",https://www.linkedin.com/in/priya-oberoi-0418591/
Rachael Palmer,United Kingdom,"AudioMob, Outlier, Definely, Studio, Modularity Grid, Polar Signals",,https://www.linkedin.com/in/rachael-palmer-0a09a52/
Ramona Liberoff,"United Kingdom, Germany","Tonus Tech, Thermify, NeoCarbon",Climate and Impact sector,https://www.linkedin.com/in/ramona-liberoff/
Rana Argenio,"United Kingdom, France","Caraway, Ceremonia, Cadence, BelliWelli","Consumer b2c and b2c, all areas that touch daily lives, food and bev",https://www.linkedin.com/in/rana-argenio/
Rita Vilas-Boas,Portugal,"Kencko, Curvecatch, Ignae, Phunk",Consumer ,https://www.linkedin.com/in/ritavilasboas/
Rona Ruthen,United Kingdom,"FairHQ, Progression, LifeSupplies, Flown, Ark, Visible, MRI.com, ","Healthtech, climate tech, future of work",https://www.linkedin.com/in/rona-ruthen/
Roxane Sanguinetti,United Kingdom,"Hanx, 50intech","Fintech, femtech, wellness, technology",https://www.linkedin.com/in/roxane-sanguinetti-72993547/
Roxanne Varza,France,"Moka.care, Figures.hr, Claap, Folk, Neoplant, Beyond Aero, Dance, Biloba, Job Protocol","B2B Saas, Hrtech, fintech, Consumer ",https://www.linkedin.com/in/roxannevarza/
Rupa Ganatra Popat,United Kingdom,"Juno, Sojo, Yuty, Code First Girls, The Lowdown ","Health, Finance, Work, Impact, Female Founders",https://uk.linkedin.com/in/rupapopat
Saasha Celestial-One,United Kingdom,"Climate X, Rail, The Lowdown, Tengri","consumer marketplaces, tech 4 good",https://www.linkedin.com/in/%F0%9F%8C%8F-saasha-celestial-one-929390/
Sabina Wizander,Sweden,,,https://www.linkedin.com/in/sabinawizander/
Sabine Flechet,"Germany , France","FUL Foods, Tremau, Spatula Foods, Trendex, Pina Earth, VR Direct, Clexbio, Atica Paris, Niya, Denizen, Pumpkin Organics","Social Impact, Food & Nutrition, Mental Health & Wellness, ClimateTech, Regenerative Economy",https://www.linkedin.com/in/sabine-flechet/
Saga Forss,Finland,,,https://www.linkedin.com/in/sagaforss
Sahar Meghani,United Kingdom,"Bolt, LiveBetterWith, Parla, Beautonomy, Bluebell ","FemTech, B2B, consumer ",https://uk.linkedin.com/in/saharmeghani
Saloni Bhojwani,United Kingdom,"wild.AI, Parla, Rubies in the Rubble, ScaleXP, MPowder, Sojo","gender data gap, femtech, consumer, b2b SaaS",https://www.linkedin.com/in/salonibhojwani/
Salwa Fathallah,United Kingdom,"Qatalog, Monzo, Revolut, RFC","Fintech, Femtech, Consumer",https://www.linkedin.com/in/salwa-fathallah-74a07232/?originalSubdomain=uk
Samira Zarringhalam,Sweden,"Estrid, Veat Foods, Combify AB",,
Sandra Malmberg,Sweden,Encore & 2 undisclosed in stealth stage ,Foodtech & climate tech,https://www.linkedin.com/in/sandramalmberg/?originalSubdomain=se
Saniya Vardak,Finland,,"Fintech , Femtech, Edtech, Retail, AI",https://www.linkedin.com/in/sanyavardak/
Sara Gordon ,United Kingdom,"Dishpatch, Roleshare, The Joy Club, Gwella","Consumer, Health",https://www.linkedin.com/in/sarakategordon
Sara Vicente Barreto,"Portugal, United Kingdom",,,https://www.linkedin.com/in/saravicentebarreto/
Sarah Drinkwater,United Kingdom,"Progression, untangle, anyone, stack world ","Community-led b2b & b2c, consumer, d2c",https://www.linkedin.com/in/sarahdrinkwater?originalSubdomain=uk
Sarah Matlock,United Kingdom,"Fungi Alert, ImproveWell, Good Life Sorted, Particity, Buy Me Once",Health of people; health of the planet,https://www.linkedin.com/in/sarahematlock/
Sarah McBride,France,"The Lowdown, FINDS, Dmail, Sane","Consumer, Femtech",https://fr.linkedin.com/in/sarahmcbrideni
Sarah Ronald ,United Kingdom,"Current Health, ICS Learn, Gigged.AI, PommelHorse, Verlume, uHubs, (in total 35 early stage investments have been made since 2015). ",Applying tech to solve meaningful human challenges. ,https://www.linkedin.com/in/sarahronald/
Sarah Turner,United Kingdom," Dynamx Medical, Provenance, Fiskl",,https://www.linkedin.com/in/sarahturneruk/
Sekayi Mutambirwa,United Kingdom,"Suprafin, Ziglu, The Panther Protocol, Pipe","Crypto, fintech, impact",https://www.linkedin.com/in/sekayi-m-5330966
Selvaggia Fagioli,Italy,"Diamante, TA-Daan, Cosaporto, Glivee","marketplace, medtech, edtech",https://www.linkedin.com/in/selvaggiafagioli/
Shefali Roy,United Kingdom,,"FinTech, Creator Economy, FemTech",https://www.linkedin.com/in/shefaliroy
Shirley Schoenfeld,Israel,"Venus Aerospace, Xpay, Tesorio, Groo, Moonshot Brands, Cart.com, Joy, Inkbox, Strattic","Ecommerce, Data infrastructure, cloud security, devops/dev tools, SMB SaaS",www.linkedin.com/in/therealshirley
Silvia Pugi,Italy,"Deliveristo, Chitè, Apical, ACBC, Futurely, Resalis",Digital,https://www.linkedin.com/in/silviapugi
Silvia Rovere,Italy,"Kaaja, Roomless",Proptech,https://www.linkedin.com/in/silvia-rovere-4157007/
Siobhan Brewster ,Germany,,,https://de.linkedin.com/in/siobhan-brewster
Sissi Silván,Finland,,,https://www.linkedin.com/in/sissi-silv%C3%A1n-8043a64
Sophia Bendz,Sweden,"Medoma, Joint Academy, Engaging Care, Daye, Grace Health, Boost Thyroid ",,https://www.linkedin.com/in/sophiabendz/
Sophia Tran,"Germany, Germany ","SQIN, Rubarb","Consumer, SAAS",https://www.linkedin.com/in/sophiatran
Sophie Halliot,France,"Bankin', Bridge, Inga, Wave",,https://www.linkedin.com/in/sophie-halliot-0759a610/
Stephanie Peritore,United Kingdom,"Hyfe Foods, Evo Foods, Loki, Passion Capital, The Pack, Pip & Nut","FoodTech, ClimateTech",https://www.linkedin.com/in/stephanie-peritore/
Suzanne Ashman,United Kingdom,"Motorway,  Zego, Tessian",,https://www.linkedin.com/in/suzanneashman/
Swarnali Mitra,United Kingdom,,,https://www.linkedin.com/in/swarnalimitra
Sylvie Fleckinger Botter,France,,,https://fr.linkedin.com/in/sylvie-fleckinger-botter-3357944
Tatiana Jama,France,"Résilience / MerciApp / Adaschool / Wempo, Offishall, Resilience, Maki",Startups with at least one female co founder ,https://www.linkedin.com/in/tatianajama
Tatum Getty,United Kingdom,"Bea Fertility, MyMynd, DemDX, Daye, Nue Life, Noula, Mayweather Boxing","MedTech, Wellness, Fitness",http://linkedin.com/in/tatum-getty
Tazz Gault,United Kingdom,,,https://www.linkedin.com/in/tazzgault/
Tessa de Flines,Netherlands ,"Elfin, Augmedit, Greenspark, MoonRise, Cilter, Starnus Techology",,https://www.linkedin.com/in/tessadeflines/
Thish Nadesan,United Kingdom,"Rail, Roleshare ",Consumer & fintech,https://www.linkedin.com/in/thish-nadesan-97b74616
Tijen Onaran,Germany,Laori Drinks,Food and beverages,
Torill Bye Wilhelmsen,Norway ,"Frys film, Bergmannsgata 6, Slow Business Adventure","Rural, female-owned companies",https://no.linkedin.com/in/torillbyewilhelmsen
Tove Sildenstedt,Sweden," C8 Technologies, Econans, Gimi, RailsR, Zilch, Upgrade and more",Fintech,https://www.linkedin.com/mwlite/in/tovesildenstedt
Triin Hertmann,Estonia,"Grünfin, Starship, Salv, Montonio, Fyma, Reverse Resources, Remato, Yaga",no,https://www.linkedin.com/in/triin-hertmann-a347b85/
Valentine Baudoin ,France,"De Facto, Nilos, Request Finance",,
Vanessa Daurian Proust,France,"alegria, karmen, fair jungle, roundtable, auum, shareable, money walkie, firecell","saas, consumer, future of work, impact, fintech",https://www.linkedin.com/in/vanessa-daurian-proust-19538a13/
Vera Elizabeth Baker,France,,Sustainable Solutions/Climate Tech and the Future of Food,https://www.linkedin.com/in/velizbaker/
Verena Alice Sturm,Germany,,,https://www.linkedin.com/in/verena-alice-sturm/
Verena Pausder,Germany ,"Wise, Afilio, 8returns, Knowunity, Cleverly, Alice App","Edtech, Femtech, Consumer Tech",https://www.linkedin.com/in/verenapausder/
Veronika Kapustina,United Kingdom,Orbiit,"Ed-tech, fin-tech, impact-tech",https://www.linkedin.com/in/veronika-kapustina-8a590914/
Victoria Kostic-Nola,Cyprus,"Manigo, CatchApp, Fleksy, Coconut, Genuine Impact, Abodoo, Strawberry Energy and Andersen EV","Fintech, Edtech, Future of work/living, Wellness, Ecommerce, Productivity; Consumer, Marketplaces, B2B/SaaS; female founders or diverse teams",https://www.linkedin.com/in/victoria-kostic-nola-b7b08432/
Victoria Maigrot,United Kingdom,"Zigzag Global, EON, ManiLife","Consumer, Saas, Sustainability ",https://www.linkedin.com/in/victoria-m-950aa032/
Victoria van Lennep,United Kingdom,"StudentFinance, Sugar",Edtech,https://www.linkedin.com/in/victoria-van-lennep-34838857/?originalSubdomain=uk
Vivi Cahyadi,United Kingdom,,,https://uk.linkedin.com/in/vivi-anggraini-cahyadi
Wendy Anderson,Sweden,"Hey Jane, Meela, LEIA, Vyld, Planera, Clue","Femtech, women's health, menstrual health, sexual health & pleasure, SRHR. ",linkedin.com/in/wendy-anderson-tcfh
Wibke Stoffers,United Kingdom,"Good Life Sorted, Byway.travel, Dr. Vegan, Ohne, Renude",Consumer and Wellness,https://www.linkedin.com/in/wibkestoffers/
Yana Abramova,United Kingdom,"Troglo, Blushh, GetMaude, Heights",Sexual wellness,https://www.linkedin.com/in/yana-abramova
Yelena MacKay,United Kingdom,"Etiq AI, Tonus Tech, Yuno","Companies with a purpose, AI, consumer",https://www.linkedin.com/in/yelenamackay/
Yenny Cheung,Germany,,B2B from underrepresented founders,https://www.linkedin.com/in/yennycheung/
Yi Luo,United Kingdom,"Qogita, BondAval, Hook, Levity","fintech, crypto and industry agnostic",https://www.linkedin.com/in/loriluoyi/
Yvonne Bajela,United Kingdom,"Hutch, Flutterwave ","B2B, marketplace, fintech, InsureTech ",https://uk.linkedin.com/in/yvonnebajela
Zeynep Yavuz,United Kingdom,"Ramp.Network, Yoco, stitch.money, Truelayer, two.inc, pledge.io, sikoia, cabletech ",Fintech,https://uk.linkedin.com/in/zeynep-yavuz-72362379