Name,Website,Office/s,Stage/s,Portfolio,Market/s,Firm LinkedIn,Firm Twitter,Contact Downloads
100X.VC,http://www.100x.vc,Mumbai (India),"Pre-Seed, Seed",https://www.100x.vc/portfolio,"FinTech, HealthTech, Digital Health, Internet, Consumer Tech, EdTech, Enterprise Software, HRTech, MarTech, Data Analytics, AI, Consumer Services, Consumer Goods, Mobility, E-commerce, Supply Chain, AgTech, FoodTech, IoT, Robotics, Marketplaces",https://www.linkedin.com/company/100x-vc/,https://twitter.com/100X_VC,https://payhip.com/projectstartups
1818 Venture Capital,https://www.1818venturecapital.com,Guernsey (United Kingdom),"Pre-Seed, Seed",https://www.1818venturecapital.com/portfolio,"FinTech, Payments, InsurTech, Digital Health, SaaS, Enterprise Software, Cyber Security, MarTech, HRTech, LegalTech",https://www.linkedin.com/company/1843-capital,,https://payhip.com/projectstartups
2048 Ventures,https://www.2048.vc,New York (United States),"Pre-Seed, Seed, Post-Seed",https://www.2048.vc/companies,"Enterprise Software, AI, ML, FinTech, HealthTech, Cyber Security, Dev Tools, Hardware, Genomics, Marketplaces, D2C",https://www.linkedin.com/company/2048vc/,https://twitter.com/2048vc,https://payhip.com/projectstartups
4Di Capital,https://www.4dicapital.com,Cape Town (South Africa),"Pre-Seed, Seed, Series A",https://www.4dicapital.com/#portfolio,"Consumer, InsureTech, FinTech, HealthTech, B2B Software, Enterprise, SaaS, AI/ML, Supply Chain & Logistics",https://www.linkedin.com/company/4di-capital/,https://mobile.twitter.com/4dicapital,https://payhip.com/projectstartups
4DX Ventures,https://www.4dxventures.com,"New York (United States), Accra (Ghana), Cairo (Egypt)","Pre-Seed, Seed, Series A",,"SaaS, Marketplaces, FinTech, InsurTech, HealthTech, eSports, Enterprise Software, Supply Chain, Logistics, Wireless, Telcom, SpaceTech",https://www.linkedin.com/company/4dx-ventures/about/,,https://payhip.com/projectstartups
7 Gate Ventures,https://7gate.vc,"Vancouver (Canada), San Francisco (United States)","Pre-Seed, Seed, Pre-Series A",https://7gate.vc/portfolio/,"Enterprise Software, Marketplaces, HealthTech/Digital Health, Medical Devices",https://www.linkedin.com/company/7-gate-academy/,https://twitter.com/7GateAcademy,https://payhip.com/projectstartups
70Ventures,https://www.70v.com,Vilnius (Lithuania),"Pre-Seed, Seed, Series A",https://www.70v.com/portfolio,"B2B Software, Enterprise Software, SaaS, B2B Marketplace",https://www.linkedin.com/company/70v/,https://twitter.com/70ventures,https://payhip.com/projectstartups
7percent Ventures,http://7pc.co/,"London (United Kingdom), San Francisco (United States)","Pre-Seed, Seed, Series A",http://7pc.co/investments/,"Frontier Tech, DeepTech (AI & Deep Learning, Quantum Computing, Computer Vision, AR & VR, Blockchain & Crypto, Drones, Robotics, SpaceTech), SaaS, Marketplaces, Mobile (FinTech, Next-Gen Enterprise & Consumer Apps/Services, Manufacturing, Logistics, Industry 4.0, HealthTech & DeathTech)",https://www.linkedin.com/company/7pc,http://www.twitter.com/7pcventures,https://payhip.com/projectstartups
Acequia Capital,https://acecap.com,Seattle (United States),"Pre-Seed, Seed, Series A",,"Tech (Consumer Internet, Digital Media, FinTech, Software/SaaS, Enterprise/B2B, Cloud, AI, ML, Data Analytics, Computer Vision, IoT, Digital Health, Industrial Automation, Digital Transformation, Retail, Manufacturing)",https://www.linkedin.com/company/acequia-capital/about/,https://twitter.com/acecapofficial,https://payhip.com/projectstartups
Active Capital,https://www.activecapital.com,San Antonio (United States),"Pre-Seed, Seed",,"Enterprise Software/B2B SaaS, Cloud Infrastructure",https://www.linkedin.com/company/activecapital,https://twitter.com/activecapitalvc,https://payhip.com/projectstartups
Acton Ventures,https://actoneventures.com,Los Angeles (United States),"Pre-Seed, Seed",https://actoneventures.com/portfolio/,"Enterprise/B2B Software/SaaS (Computer Vision, Blockchain, Machine Learning, Ambient Computing - Voice Controls, Health Care IT)",https://www.linkedin.com/company/act-one-ventures-lp/,https://twitter.com/actonevc,https://payhip.com/projectstartups
Ada Ventures,https://www.adaventures.com,"London (United Kingdom), Bristol (United Kingdom)","Pre-Seed, Seed",,"Underrepresented/Overlooked Founders, Overlooked Markets: Future of Living (Food, Agriculture, Cities, Mobility, Property, Finances), Health, Consumer",https://www.linkedin.com/company/ada-ventures,https://twitter.com/adaventures,https://payhip.com/projectstartups
Afore Capital,https://www.afore.vc,San Francisco (United States),Pre-Seed,https://www.afore.vc/portfolio,Flexible (Tech),https://www.linkedin.com/company/aforecapital/,,https://payhip.com/projectstartups
Alpaca VC,https://alpaca.vc,New York (United States),"Pre-Seed, Seed (Lead)",https://alpaca.vc/portfolio/,"Consumer (Personalization, Wellness & Luxury Goods), Subscription Commerce (Payment Processing Software, Marketplaces, E-commerce Tools), Virtual Communities (Digital Products/Services), FemTech (Child Care, Elderly Care, Women's Health), PropTech (Branded Living/Working, Smart Buildings/Homes, Home Ownership), B2B Marketplaces, Global Commerce Infrastructure",https://www.linkedin.com/company/alpacavc/,https://twitter.com/alpacavc/,https://payhip.com/projectstartups
Amplify LA,http://amplify.la,Los Angeles (United States),"Pre-Seed, Seed",http://amplify.la/portfolio,"B2B/Enterprise Software, Consumer Products, Consumer Services, FinTech, Cyber Security, Blockchain, eSports, Gaming, E-commerce, Retail, Fashion, Digital Health, HealthTech, FoodTech, HRTech, Automobile, Marketplaces",https://www.linkedin.com/company/amplify-la,http://twitter.com/amplifyla,https://payhip.com/projectstartups
Animo Ventures,https://animo.vc,"Miami (United States), San Francisco (United States), New York (United States)","Pre-Seed, Seed",,"Industry Agnostic (B2B/Enterprise, B2C/Consumer, Enterprise Software, Cloud Computing, FinTech, Digital Health, Consumer Products/D2C, FoodTech, Marketplaces)",https://www.linkedin.com/company/animoventures/,https://twitter.com/animovc,https://payhip.com/projectstartups
Antler,https://www.antler.co,"Singapore, Sydney (Australia), New York (United States), Nairobi (Kenya), Amsterdam (Netherlands), London (United Kingdom), Berlin (Germany), Oslo (Norway), Stockholm (Sweden), Jakarta (Indonesia), Ho Chi Minh City (Vietnam), Bengaluru (India), Austin (United States), Toronto (Canada)","Pre-Seed, Seed",https://www.antler.co/portfolio,"AI/Machine Learning, Consumer Tech, EdTech, Energy, FinTech, Food and AgriTech, HealthTech, HRTech, Logistics and Manufacturing, Media and Communication, Mobility, PropTech, Retail and E-Commerce, SaaS",https://www.linkedin.com/company/antleri,http://twitter.com/antlerGlobal,https://payhip.com/projectstartups
APEX Ventures,https://www.apex.ventures,"Vienna (Austria), Frankfurt (Germany), Los Angeles (United States)","Pre-Seed, Seed, Series A",https://www.apex.ventures/portfolio_apex/,"DeepTech & Defendable IP:- AI, ML, Blockchain, Cloud Computing, IoT, 3D Printing, AR, VR, Data Analytics, Smart Contracts, Computer Vision, Autonomy (Digital Platforms, Smart Data & Cyber Security, FinTech & InsurTech, Industry 4.0 Future of Work, Digital Health)",https://www.linkedin.com/company/apex-ventures-gmbh/,https://twitter.com/apex_vc,https://payhip.com/projectstartups
Arali Ventures,https://araliventures.in,Bangalore (India),"Pre-Seed, Seed",https://araliventures.in/teams-main-page.html,"DeepTech Enterprise/B2B Tech (Software, Artificial Intelligence, Robotics)",https://www.linkedin.com/company/araliventures/,,https://payhip.com/projectstartups
Arka Ventures,https://arka.vc,"Mumbai (India), Palo Alto (United States)","Pre-Seed, Seed",https://arka.vc/portfolio/,"Indian B2B startups (Enterprise Software, B2B, B2B2C, RetailTech, HealthTech, FinTech, Smart City, AgTech, TravelTech, EdTech, Automotive, Energy and Utilities, DeepTech)",https://www.linkedin.com/company/arka-venture-labs/,https://twitter.com/ArkaVentureLabs,https://payhip.com/projectstartups
Array Ventures,https://www.array.vc,San Francisco (United States),"Pre-Seed, Seed",https://www.array.vc/#/investments,"Enterprise DeepTech, Big Data, Artificial Intelligence, AI/ML, Workflow Automation, B2B (HealthTech, RetailTech, EdTech, Cyber Security, SaaS, Communication)",https://www.linkedin.com/company/array-ventures/,https://twitter.com/arrayvc,https://payhip.com/projectstartups
Artha Ventures Fund,https://artha.vc,Mumbai (India),"Pre-Seed, Seed, Series A",https://artha.vc/portfolio/,"Consumption Enabler, Consumption, B2B/Enterprise, B2C/Consumer (FinTech, Sports, Entertainment, FoodTech, MobilityTech, EdTech)",https://www.linkedin.com/company/arthaventurefund/,https://twitter.com/artha_vc,https://payhip.com/projectstartups
Ausum Ventures,https://www.ausum.vc,San Francisco (United States),"Pre-Seed, Seed, Pre-Series A",https://www.ausum.vc/portfolio,"Cryptoassets, Cryptocurrency, Blockchain, Blockchain Protocols (Financial Inclusion, Digital Identity, Privacy, Supply Chain, Energy, Civic)",https://pt.linkedin.com/company/ausum-ventures,https://twitter.com/ausumventures,https://payhip.com/projectstartups
Backstage Capital,https://backstagecapital.com,Los Angeles (United States),"Pre-Seed, Seed, Series A",https://backstagecapital.com/portfolio/,"Underrepresented Founders (Women, People of Color, LGBTQ): (Software, Enterprise/B2B, Blockchain, FinTech, EdTech, Consumer Tech, Consumer Goods, DTC, E-commerce, FoodTech, Gaming, Digital Health, Digital Media, SaaS, Marketplaces)",https://www.linkedin.com/company/backstage-capital,https://twitter.com/Backstage_Cap,https://payhip.com/projectstartups
BAM Ventures,https://www.bam.vc,Los Angeles (United States),"Pre-Seed, Seed, Series A",https://www.bam.vc/companies,"Consumer (Health, FinTech, Media, Food, Fashion, Marketing, Wellness, Beauty, Gaming, Real Estate, Sports, Telecom, TravelTech, EdTech, Energy)",https://www.linkedin.com/company/bam-ventures-llc/,,https://payhip.com/projectstartups
Beast Ventures,https://www.beast.vc,London (United Kingdom),"Pre-Seed, Seed, (Series A, Series B)",https://www.beast.vc/portfolio,"DeepTech (Synthetic Biology, Software, Digital Health, EdTech, Life Sciences, MedTech, Autonomous Drone, Health Care IT, Supply Chain, AgTech)",,,https://payhip.com/projectstartups
Bee Partners,https://www.beepartners.vc,San Francisco (United States),"Pre-Seed, Seed",https://www.beepartners.vc/portfolio,"Human-Machine Convergence (Robotics, Artificial Intelligence, Voice, Industrial Biology, Synthetic Biology)",http://www.linkedin.com/company/beepartnersvc,https://twitter.com/BeePartners,https://payhip.com/projectstartups
Better Capital,https://www.bettercapital.vc,"San Francisco (United States), Pune (India)","Pre-Seed, Seed",https://www.bettercapital.vc/portfolio/,"FinTech, InsurTech, AgTech, EdTech, B2B/Enterprise SaaS, B2C, Gaming, Consumer Brands, HealthTech, Crypto + Decentralized Future",,,https://payhip.com/projectstartups
Better Tomorrow Ventures,https://www.btv.vc,San Francisco (United States),"Pre-Seed, Seed, Series A, Series B",https://www.btv.vc/companies,"Financial Technology, Future of Financial Services (Accounting & Finance, Cards & Banking, Lending & Financing, Infrastructure, Insurance, Marketplace, Personal Financial, Payments, Payroll & Benefits)",https://www.linkedin.com/company/better-tomorrow-ventures/,https://twitter.com/btv_vc,https://payhip.com/projectstartups
Better Ventures,https://www.better.vc,Oakland (United States),"Pre-Seed, Seed, Series A",https://www.better.vc/portfolio/,"Sustainable Economy (Future Of Food, Biomanufacturing, ClosedLoop Production & Consumption, Clean Energy & Electric Mobility), Data-Driven Health (Personalized Medicine, Value-based Care, Behavioral Health, Drug Discovery), Adaptive Workforce (Future of Work, Personalized Learning, Upskilling)",https://www.linkedin.com/company/bettervc/,https://twitter.com/betterventures,https://payhip.com/projectstartups
Blackbird Ventures,https://www.blackbird.vc,"Sydney (Australia), Melbourne (Australia), Auckland (New Zealand)","Pre-Seed, Seed, Series A, Series B",https://www.blackbird.vc/portfolio,"Consumer Tech, Consumer Brands, D2C, FoodTech, AgTech, FinTech, Crypto, EdTech, E-commerce, Marketplace, Enterprise Software, Cloud, HRTech, MarTech, RetailTech, Cyber Security, Databases, Synthetic Biology, BioTech, MedTech, Digital Health, HealthTech, Robotics, IoT, Autonomous, SpaceTech, Semiconductors, Solar",https://www.linkedin.com/company/blackbird-ventures,https://twitter.com/blackbirdvc,https://payhip.com/projectstartups
Blockchain Valley Ventures,https://bvventures.ch,"Zug (Switzerland), Singapore","Pre-Seed, Seed, Series A",https://bvventures.ch/portfolio,"Blockchain, Blockchain-enabled",https://www.linkedin.com/company/blockchain-valley-ventures/,https://twitter.com/bvventures,https://payhip.com/projectstartups
Blu Ventures,https://www.bluventureinvestors.com,Vienna (United States),"Pre-Seed, Seed, Series A, Series B",https://www.bluventureinvestors.com/companies,"Cyber Security, Enterprise Software, IoT, Telecom, HealthTech, Digital Media, Non Invasive Biological Sciences",,,https://payhip.com/projectstartups
Boost VC,https://www.boost.vc,San Mateo - CA (United States),"Pre-Seed, Seed",https://www.boost.vc/portfolio,"Sci-Fi, DeepTech, Crypto, Blockchain, Virtual Reality, Augmented Reality, AR/VR, Artificial Intelligence, AI/ML, Ocean Tech, BioTech, Space Tech, Human Augmentation, Exoskeletons",https://www.linkedin.com/company/boost-vc/,https://twitter.com/BoostVC,https://payhip.com/projectstartups
BoxGroup,https://www.boxgroup.com,New York (United States),"Pre-Seed, Seed, Series A",https://www.boxgroup.com/portfolio,"Consumer, Enterprise, FinTech, Health Care & Life Sciences, Marketplaces, Synthetic Biology & Climate",https://www.linkedin.com/company/boxgroup/,https://twitter.com/boxgroup,https://payhip.com/projectstartups
BoxOne Ventures,https://www.boxone.xyz/,Montreal (Canada),"Pre-Seed, Seed",https://www.boxone.xyz/portfolio,"FinTech, Crypto/Decentralized Finance, Blockchain, Applied ML/AI, Synthetic Biology/BioTech, Hardware, Telecom",https://www.linkedin.com/company/boxoneventures/,,https://payhip.com/projectstartups
byFounders,https://www.byfounders.vc,Copenhagen (Denmark),"Pre-Seed, Seed, Series A, Series B",https://www.byfounders.vc/portfolio,"Consumer Internet, Web 3, Digital Health, Autonomous Mobility, Gaming, 3D Printing, PropTech, MarTech, IoT, ClimateTech, FinTech, DevTools, EdTech, Cyber Security, Hospitality, SaaS, B2B",https://dk.linkedin.com/company/byfounders,https://twitter.com/byfounders,https://payhip.com/projectstartups
Calm Ventures,https://www.calmvc.com,"Los Angeles (United States), New York (United States)","Pre-Seed, Seed, Series A",,"Emerging Brands, Emerging Tech, Consumer Internet, Mobile, Media, Food and Beverages, FoodTech, FinTech, E-commerce, Blockchain/Cryptocurrency",https://www.linkedin.com/company/calmventures/,,https://payhip.com/projectstartups
Cardumen Capital,https://www.cardumencapital.com,"Tel Aviv (Israel), Madrid (Spain)","Pre-Seed, Seed, Series A",https://www.cardumencapital.com/disruptors,"Big Data, Artificial Intelligence (AI/ML), GovTech, Industry 4.0, Cyber Security, Future of Work, Developer Tools, B2B, Enterprise, Software, SaaS",https://www.linkedin.com/company/cardumencapital/,https://twitter.com/cardumencapital,https://payhip.com/projectstartups
Carthona Capital,https://www.carthonacapital.com,Sydney (Australia),"Pre-Seed, Seed, Series A",,"FinTech, Crypto, AI, Robotics, AgTech, Aviation, Digital Health, Mobile, Enterprise Software, MarTech, Cyber Security, HRTech, Retail, PropTech, Sensors, IoT, Wireless, Autonomous Vehicles, Entertainment, VR, Marketplaces",https://www.linkedin.com/company/carthona-capital/,https://twitter.com/carthonacapital,https://payhip.com/projectstartups
Cavalry Ventures,https://www.cavalry.vc,Berlin (Germany),"Pre-Seed, Seed",,"Advertising, Automation, Coaching, Communication, Consumer, Database, Enterprise, Health Care, Food, Insurance, IoT, Legal, Logistics & Mobility, Mapping, Marketplaces, Mobile, Real Estate, SaaS, Security, Sustainability",https://www.linkedin.com/company/cavalry-ventures/,https://twitter.com/cavalryvc,https://payhip.com/projectstartups
Change Ventures,https://www.changeventures.com,Tallinn (Estonia),"Pre-Seed, Seed",https://www.changeventures.com/portfolio,"EdTech, JobTech, FinTech, AI, ML, Data Analytics, Enterprise Software, Digital Media, EventTech, Real Estate, PropTech, Marketplaces",https://www.linkedin.com/company/changeventures/,https://twitter.com/changeventures,https://payhip.com/projectstartups
Charge VC,https://charge.vc,New York (United States),"Pre-Seed, Seed",https://charge.vc/portfolio/,"SaaS, Mobile, E-commerce, Social Media, Enterprise Software, FinTech, Health Care, Medical Devices, Open Source, Marketplaces, AI, Mobility, Cryptocurrency, Blockchain, Future Of Work",https://www.linkedin.com/company/charge-ventures/,https://twitter.com/chargeventures,https://payhip.com/projectstartups
Cherry Ventures,https://www.cherry.vc,Berlin (Germany),"Pre-Seed, Seed, Series A",https://www.cherry.vc/portfolio/,"Consumer, FinTech, HealthTech, Industry 4.0, Enterprise, Lifestyle, Mobility, SaaS, TravelTech, FoodTech, AgTech, Logistics, Marketplaces",https://www.linkedin.com/company/cherry-ventures,https://twitter.com/cherryventures,https://payhip.com/projectstartups
Chingona Ventures,https://www.chingona.ventures,Chicago (United States),"Pre-Seed, Seed",,"Consumer, FinTech, EdTech, FoodTech, Female Tech, Wellness Products, E-commerce, Future of Work, Marketplaces",https://www.linkedin.com/company/35645677,https://twitter.com/ChingonaVC,https://payhip.com/projectstartups
Chloe Capital,https://chloecapital.com,"New York (United States), Chicago (United States)","Pre-Seed, Seed",https://chloecapital.com/portfolio/,"Female Founders (Future of Work & Education, EdTech, SaaS, HRTech, Blockchain, AI, VR/AR, IoT, CleanTech, FoodTech, AgTech, Hardware, Wearables, Robotics, Marketplaces)",https://www.linkedin.com/company/chloecapital/,https://twitter.com/chloecapital,https://payhip.com/projectstartups
Cleo Capital,https://www.cleocap.com,San Francisco (United States),"Pre-Seed, Seed",https://www.cleocap.com/portfolio,"Female Founders (Consumer Products, D2C, E-commerce, Fashion, Beauty, Luxury, FoodTech, Digital Media, FinTech, Digital Health, Enterprise Software, AI, ML, Hardware, Infrastructure, Cloud Computing, PropTech, Health Care, BioTech)",https://www.linkedin.com/company/cleo-capital/,https://twitter.com/cleocapital,https://payhip.com/projectstartups
Cloud Capital,https://www.cloudcap.in,Delhi (India),"Pre-Seed, Seed, Pre-Series A",,"Cloud Economy (FinTech, Digital Health, FoodTech, EdTech, Web 3, Gaming, Blockchain, RetailTech, Commerce Tech, Dev Tools, SaaS, Software, B2B)",https://www.linkedin.com/company/cloudcapital/,https://mobile.twitter.com/cloud_capital,https://payhip.com/projectstartups
Combine VC,https://combine.vc,San Francisco (United States),"Pre-Seed, Seed, Series A",,"Consumer Brands, Beverages, EdTech, HealthTech, Digital Health, PropTech, Enterprise Software",https://www.linkedin.com/company/combinevc/,https://twitter.com/combinevc,https://payhip.com/projectstartups
Company Ventures,https://www.companyventures.co,New York (United States),"Pre-Seed, Seed, Series A",https://www.companyventures.co/portfolio,"Consumer, FinTech, Health & Wellness/Digital Health, Enterprise Software, Real Estate",https://www.linkedin.com/company/company-ventures/,https://twitter.com/Company,https://payhip.com/projectstartups
Concrete Ventures,https://www.concrete.vc,Halifax (Canada),"Pre-Seed, Seed",https://www.concrete.vc/portfolio/,"Enterprise Software, SalesTech, Cyber Security, GovTech, LegalTech, Hardware, BioTech, EdTech",https://www.linkedin.com/company/concrete-ventures/,https://twitter.com/ConcreteVC,https://payhip.com/projectstartups
ConsenSys Mesh,https://mesh.xyz/,Washington DC (United States),"Pre-Seed, Seed, Series A",https://www.mesh.xyz/portfolio,"Blockchain, Web 3 (Decentralised Protocols, Infrastructure & Applications)",https://www.linkedin.com/company/consensys-mesh/,https://twitter.com/ConsenSysMesh,https://payhip.com/projectstartups
Contrarian Ventures,https://www.cventures.vc,"Vilnius (Lithuania), Amsterdam (Netherlands), London (United Kingdom)","Pre-Seed, Seed, Series A",https://www.cventures.vc/portfolio/,"Energy Tech, e-Mobility",https://www.linkedin.com/company/contrarian-ventures/,https://twitter.com/contrarianvc,https://payhip.com/projectstartups
Crane,https://crane.vc,London (United Kingdom),"Pre-Seed, Seed",https://crane.vc/portfolio/,"Enterprise Software, Data",,,https://payhip.com/projectstartups
Curious Capital,https://curious.vc,Seattle (United States),"Pre-Seed, Seed",,"Consumer Tech, Enterprise Tech, SaaS, AI, AR",https://www.linkedin.com/company/curiouscapital/,,https://payhip.com/projectstartups
Diaspora Ventures,https://www.diaspora.vc,New York (United States),"Pre-Seed, Seed",https://www.diaspora.vc/#portfolio,French Tech Founders in USA,https://www.linkedin.com/company/diasporavc/,,https://payhip.com/projectstartups
Dipalo Ventures,https://dipaloventures.com,Chicago (United States),"Pre-Seed, Seed, Series A",,"Connected Hardware, HardTech, Hardware, Software",https://www.linkedin.com/company/dipaloventures/,https://twitter.com/DipaloVentures,https://payhip.com/projectstartups
Disruptech Ventures,https://www.disruptechventures.com,Giza (Egypt),"Pre-Seed, Seed, Series A",https://www.disruptechventures.com/#Portfolio-Companies,"FinTech (Open Banking, Digital Lending & Saving, Consumer Financing, Payments, Merchant Factoring, E-Distribution, Marketplaces, Analytics, B2B)",https://www.linkedin.com/company/disruptech-ventures/,,https://payhip.com/projectstartups
District Ventures Capital,https://www.districtventurescapital.com,"Calgary (Canada), Toronto (Canada)","Pre-Seed, Seed, Series A",https://www.districtventurescapital.com/portfolio,"Consumer Goods, CPG, Consumer Products (Food & Beverage, Health & Wellness, Beauty)",https://www.linkedin.com/company/district-ventures-lp/,https://twitter.com/districtvcap,https://payhip.com/projectstartups
Dreamcraft,https://dreamcraft.vc/,Copenhagen (Denmark),"Pre-Seed, Seed, Series A",https://dreamcraft.vc/companies,"Enterprise Software, ML, Gaming, eSports, DTC, Fashion, FinTech, EdTech, Digital Health, HealthTech, AdTech, TravelTech, Social, Marketplaces",https://www.linkedin.com/company/bumbleventures/,https://twitter.com/bumbleventures,https://payhip.com/projectstartups
Dynamo Ventures,https://dynamo.vc,Chattanooga (United States),"Pre-Seed, Seed, Series A",https://dynamo.vc/portfolio,"Supply Chain, Logistics, Mobility",http://linkedin.com/company/dynamovc,https://twitter.com/thisisdynamo,https://payhip.com/projectstartups
Earl Grey Capital,https://earlgrey.capital,Austin (United States),"Pre-Seed, Seed",https://earlgrey.capital/portfolio,"API First, Protocol/DAO, Developer Tools, Platforms, Web 3, Web 2, B2B, SaaS, AI/ML, Blockchain",,,https://payhip.com/projectstartups
EchoVC Partners,https://www.echovc.com,Lagos (Nigeria),"Pre-Seed, Seed, Series A",https://www.echovc.com/ourportfolio,"Consumer Internet, Smart Data, Mobile, Commerce, Digital Media, Software, Enterprise Infrastructure",https://www.linkedin.com/company/echovc-partners/,https://twitter.com/EchoVC,https://payhip.com/projectstartups
Elefund,https://elefund.com,Palo Alto (United States),"Pre-Seed, Seed, Series A",https://elefund.com/portfolio/,"FinTech, Consumer Hardware, Digital Health, HealthTech, TravelTech, PropTech, Sports, Enterprise Software, Cloud Infrastructure, Gaming, Marketplaces, HRTech, Aerospace, Logistics, Transportation",https://www.linkedin.com/company/elefund,https://twitter.com/elefundvc,https://payhip.com/projectstartups
Elevate Capital,https://elevate.vc,Portland (United States),"Pre-Seed & Seed (Minority And Portland Startups), Seed & Series-A (Regional, Global Startups)",https://elevate.vc/portfolio/,"SaaS, CPG, Science/Tech, HealthCare, Platform, Hardware/IoT, Sustainability, Medical Devices, Lab Testing, FinTech, Pharma, Blockchain",https://www.linkedin.com/company/elevate-capital-fund/,https://twitter.com/pdxelevatevc,https://payhip.com/projectstartups
Embark Ventures,https://www.embark.vc,Santa Monica (United States),"Pre-Seed, Seed",,"DeepTech (Bio-Health Care, Software-Computing, Manufacturing-Industrial, Material Science, Robotics-Automation, Sensors-Semiconductors)",https://www.linkedin.com/company/embark-ventures/,https://twitter.com/embarkventures,https://payhip.com/projectstartups
Emergent Ventures,https://www.emergent.vc,San Mateo (United States),"Pre-Seed, Seed, Series A",https://www.emergent.vc/startups/,"Intelligent Software (Enterprise Software, SaaS, Cloud Infrastructure, AI, Machine Learning, Modern Data Processing), Smart Mobility (Personal Mobility, B2B Logistics, Delivery Networks, Vehicle Electrification)",https://www.linkedin.com/company/emergent-vc/,https://twitter.com/emergent_vc,https://payhip.com/projectstartups
Emerging Ventures,https://emerging.vc,Los Angeles (United States),"Pre-Seed, Seed, Series A",https://emerging.vc/fund-portfolio/#portfolio-wrapper-2,"DeepTech, Emerging Tech, AI/ML, IoT, Robotics, Drones, Automation, Consumer Tech, Cyber Security, PropTech, B2B, Enterprise, SaaS, Software",https://www.linkedin.com/company/emerging-vc/,https://twitter.com/emerging_v_c,https://payhip.com/projectstartups
EMVC,https://www.em.vc,"Mumbai (India), Bengaluru (India), Washington DC (United States)","Pre-Seed, Seed, Series A",https://www.em.vc/portfolio-emphasis-ventures,"FinTech (Next Generation Payments, Biometrics & Cyber Security, Retail Asset Management & Personal Finance, Insurtech Products & Distribution, Commerce Supply Chain Accounting, Logistics & Finance, Blockchain & Decentralized Economy Applications, Enterprise AI for Financial Institutions, PropTech & Capital Markets Innovation)",https://www.linkedin.com/company/emvcfintechfund/,http://www.twitter.com/emvc,https://payhip.com/projectstartups
Eniac Ventures,https://eniac.vc,"San Francisco (United States), New York (United States)","Pre-Seed, Seed",https://eniac.vc/companies/,"Enterprise Software, FinTech, HealthTech, Digital Media, MarTech, EdTech, Gaming, FoodTech, Transportation, Cyber Security, PropTech, Robotics, E-commerce, AR, VR, Marketplaces",https://www.linkedin.com/company/eniacvc/,https://twitter.com/eniacvc,https://payhip.com/projectstartups
Essence Venture Capital,https://www.essencevc.fund/,Seattle (United States),"Pre-Seed, Seed, Series A",,"Data Infrastructure, Dev Tools, B2B, SaaS, Enterprise",https://www.linkedin.com/company/essence-venture-capital/,https://twitter.com/essenceventure,https://payhip.com/projectstartups
F2 Venture Capital,https://www.f2vc.com,Tel Aviv (Israel),"Pre-Seed, Seed",https://www.f2vc.com/companies,"Frontier Tech, Deep Tech, AI, Connectivity, Big Data (Enterprise Software, Software Infrastructure, Cyber Security, Digital Health, Financial Services, HR, Insurance, Media, Real Estate, Retail)",https://www.linkedin.com/company/f2-capital,https://twitter.com/F2_Capital,https://payhip.com/projectstartups
Faber Ventures,https://www.faber-ventures.com,Lisbon (Portugal),"Pre-Seed, Seed, Series A",https://www.faber-ventures.com/portfolio/,"Enterprise Software, Cloud Infrastructure, AI, ML, Data Analytics, FinTech, Sports, Digital Media, Dev Tools, MarTech, EdTech, Fashion, E-commerce, Marketplaces",https://www.linkedin.com/company/faber-ventures/,https://twitter.com/faber_vc,https://payhip.com/projectstartups
Fearless Fund,https://www.fearless.fund,"Atlanta (United States), Georgia (United States)","Pre-Seed, Seed, Series A",https://www.fearless.fund/portfolio,Flexible (Women of Color Founder),https://www.linkedin.com/company/fearless-fund/,https://www.linkedin.com/company/fearless-fund/,https://payhip.com/projectstartups
Female Founders Fund,https://femalefoundersfund.com,New York (United States),"Pre-Seed, Seed, Series A",https://femalefoundersfund.com/portfolio/,"Female Founders:- Enterprise Tech (Software, Cloud, VR, JobTech, Hospitality, Marketplaces), Consumer (Community-Driven Brands, Consumer Products, E-commerce, Fashion, Beauty, Mobile, Fitness, Beverages, Social, Pets), Health Care (Women’s Health, Mental Wellness, Pediatrics, Chronic Diseases, Digital Health), FinTech (Consumer-First Banking)",https://www.linkedin.com/company/f-cubed-female-founders-fund-/,https://twitter.com/fcubedvc,https://payhip.com/projectstartups
FinTech Ventures Fund,https://www.fintechv.com,"Atlanta (United States), New York (United States)","Pre-Seed, Seed",https://www.fintechv.com/portfolio,"FinTech/InsurTech (Banking/Capital Markets, Lending/Working Capital Solutions, Financial Management/Wellness, Real Estate/PropTech, Insurance, Risk Management, Value-Add Payments)",https://www.linkedin.com/company/fintech-ventures-fund/,https://twitter.com/fintechv,https://payhip.com/projectstartups
First Check Ventures,https://www.firstcheckventures.com,Mexico (Mexico),"Pre-Seed, Seed",,"Consumer Internet, E-commerce, Social Commerce, Consumer Products, Consumer Health & Fitness, Mobile, Social Media, Social Games, Enterprise Software, FinTech, Logistics, Marketplaces",https://www.linkedin.com/company/first-check-ventures/,,https://payhip.com/projectstartups
First Momentum,https://www.firstmomentum.vc,Karlsruhe (Germany),"Pre-Seed, Seed",https://www.firstmomentum.vc/#investments,"B2B Deep Tech, Artificial Intelligence, Machine Learning, AI/ML (FinTech, MarTech, HRTech, Marketplace, Quantum Computing, Industrial Tech, Sustainability)",https://www.linkedin.com/company/firstmomentum/,,https://payhip.com/projectstartups
First Round Capital,https://firstround.com,"San Francisco (United States), New York (United States), Philadelphia (United States)","Pre-Seed, Seed, Series A",https://firstround.com/companies/,"Consumer, FinTech, Healthcare, Digital HealthTech, Hardware, Enterprise, SaaS/Software, Web 3, Blockchain",https://www.linkedin.com/company/first-round-capital/,http://twitter.com/firstround,https://payhip.com/projectstartups
First Star Ventures,https://www.firststar.vc,Cambridge (United States),"Pre-Seed, Seed",,"Big Data, AI, ML, Data Analytics, Computational BioTech, Connected Sensors, AR/VR, Blockchain, Crypto, Robotics, Enterprise Software, Business Intelligence, Cloud Infrastructure, Wireless, Logistics, Supply Chain, Wearables",https://www.linkedin.com/company/first-star-ventures/,https://twitter.com/firststarvc,https://payhip.com/projectstartups
FirstMark Capital,https://firstmarkcap.com,New York (United States),"Pre-Seed, Seed, Series A, Series B",https://firstmarkcap.com/portfolio/,"Consumer Tech, Enterprise Tech, Frontier Tech",https://www.linkedin.com/company/firstmark-capital,https://twitter.com/FirstMarkCap,https://payhip.com/projectstartups
Flint Capital,https://flintcap.com,Boston (United States),"Pre-Seed, Seed, Series A",,"Enterprise Software, Cyber Security, Financial Technologies, Artificial Intelligence, Digital Health, Health Technologies, Automation, Consumer Mobile Applications, Marketplaces, SaaS, Marketing Tech",https://www.linkedin.com/company/flintcapital/,https://twitter.com/flintvc,https://payhip.com/projectstartups
foothill Ventures,https://www.foothill.ventures,Los Altos (United States),"Pre-Seed, Seed, Series A",https://www.foothill.ventures/portfolio,"Software, Life Science, DeepTech, B2B",https://www.linkedin.com/company/foothillventures/,https://twitter.com/FoothillVenture,https://payhip.com/projectstartups
Forward Partners,https://forwardpartners.com,London (United Kingdom),"Pre-Seed, Seed, Series A",https://forwardpartners.com/portfolio,"Applied AI, Marketplaces, E-Commerce",https://www.linkedin.com/company/forward-partners-uk/,https://twitter.com/ForwardPrt,https://payhip.com/projectstartups
Forward Venture Capital,https://www.forwardvc.com,The Hague (Netherlands),"Pre-Seed, Seed, Series A",https://www.forwardvc.com/#Portfolio,"E-commerce, FoodTech, Consumer Brands, D2C, SaaS, FinTech, Mobile & Online Payments, Enterprise Software, Cloud, Data Analytics, Dev Tools, AdTech, PropTech, Cyber Security",https://www.linkedin.com/company/forwardventurecapital/,https://twitter.com/ForwardVc,https://payhip.com/projectstartups
Founders Fund,https://foundersfund.com,San Francisco (United States),"Pre-Seed, Seed, Series A, Series B",https://foundersfund.com/portfolio/,"Aerospace, Advanced Machines and Intelligence, Energy, Biotechnology, Consumer Internet, Transportation, Analytics, Software",https://www.linkedin.com/company/the-founders-fund/,https://twitter.com/foundersfund,https://payhip.com/projectstartups
Frontline Ventures,https://www.frontline.vc,"London (United Kingdom), Dublin (Ireland), San Francisco (United States)","Pre-Seed, Seed",https://www.frontline.vc/companies/,Enterprise Software,https://www.linkedin.com/company/frontline-ventures/,https://twitter.com/Frontlinevc,https://payhip.com/projectstartups
Fuel Capital,https://www.fuelcapital.com,San Mateo (United States),"Pre-Seed, Seed, Series A",https://www.fuelcapital.com/portfolio,"Developer Tools, Enterprise Software, Consumer Marketplaces",https://www.linkedin.com/company/fuel-capital/,https://twitter.com/fuelcapital,https://payhip.com/projectstartups
FUSE,https://fuse.vc,Bellevue - WA (United States),"Pre-Seed, Seed, Series A",https://fuse.vc/portfolio,"Software, B2B, Enterprise, SaaS (FinTech, Digital Health, MarTech, TravelTech, FoodTech, Event Tech, Real Estate, Media)",https://www.linkedin.com/company/fusevc/,https://twitter.com/fuse_vc,https://payhip.com/projectstartups
Fusion VC,https://www.fusion-vc.com,"Santa Monica (United States), Tel Aviv (Israel)","Pre-Seed, Seed",https://www.fusion-vc.com/portfolio,"AI/ML, AR/VR, Climate & Energy, Consumer, Digital Health & Wellness, E-commerce & CPG, EdTech, Enterprise, FinTech & InsurTech, Food & AgTech, Future of Work & HR, Gaming & eSports, Healthcare & Life Science, IoT & Electronics, IT, Cloud & Communication, MarTech & AdTech, Marketplace, Mobile, Mobility & Automotive, Real Estate & PropTech, SaaS, Security, Supply Chain & Logistics, LegalTech, Crypto & Web3, Sales & CRM",https://www.linkedin.com/company/fusion-vc/,,https://payhip.com/projectstartups
Gaingels,https://gaingels.com,"Burlington, Vermont (United States)","Pre-Seed, Seed, Series A, Series B, Series C",https://gaingels.com/#homePortfolio,"AI, Big Data, ML & Deep Tech, Cannabis & Psychedelics, Climate & Green Tech, Consumer Products, Consumer Software & Services, Crypto, Blockchain & NFT, Diversity, Equity & Inclusion, Education & Learning, Emerging Markets, Energy & Industrial, Enterprise IT & Software, Future of Food, FinTech, HealthTech & Fitness, Media, Gaming & Entertainment, Pharma & Biotech, PropTech & Real Estate, Space, Aviation & Transportation, B2B, SaaS",https://www.linkedin.com/company/gaingels/,https://mobile.twitter.com/gaingelsvc,https://payhip.com/projectstartups
Gapminder Ventures,https://gapminder.vc,Amsterdam (Netherlands),"Pre-Seed, Seed, Series A",https://gapminder.vc/our-portfolio/,"IT Software & Services, SaaS, Machine Learning/ML, Deep Learning, Artificial Intelligence/AI, Advanced Analytics, Predictive Marketing, Cyber Security, Digital Transformation, Health Care IT & MedTech, FinTech",https://www.linkedin.com/company/18336571/,https://twitter.com/gapmindervc,https://payhip.com/projectstartups
Geekdom Fund,https://geekdomfund.com,San Antonio (United States),"Pre-Seed, Seed",https://geekdomfund.com/investments/,"Enterprise Software, Disruptive Technologies",https://www.linkedin.com/company/geekdomfund/,https://twitter.com/geekdomfund,https://payhip.com/projectstartups
GEMBA Capital,https://gembacapital.in,Bengaluru (India),"Pre-Seed, Seed, Series A",https://gembacapital.in/partner.php,"Consumer Tech (FinTech, AgTech, EdTech, HealthTech, D2C Brands), Enterprise Software (Horizontal, Vertical, Marketplaces)",https://www.linkedin.com/company/gemba-capital/,https://twitter.com/GembaCapital,https://payhip.com/projectstartups
Glasswing Ventures,https://glasswing.vc,Boston (United States),"Pre-Seed, Seed, Series A",https://glasswing.vc/our-companies/,"AI & Frontier Tech (Intelligent Enterprise, Data Analytics, Business Intelligence, Enterprise Software, Cloud, Cyber Security, MarTech)",https://www.linkedin.com/company/glasswing-ventures,https://twitter.com/glasswingvc,https://payhip.com/projectstartups
Golden Gate Ventures,https://www.goldengate.vc,"Duxton Road (Singapore), Jakarta (Indonesia)","Pre-Seed, Seed, Series A",https://www.goldengate.vc/portfolio,"Services, Education, E-commerce, Payments, Marketplaces, Mobile, FinTech, SaaS, Entertainment, Fashion, Gaming, Social, Travel, Media",https://www.linkedin.com/company/goldengateventures,https://twitter.com/goldengatevc,https://payhip.com/projectstartups
Good Capital,https://goodcapital.vc,Delhi (India),"Pre-Seed, Seed, Series A",https://goodcapital.vc/portfolio/,Flexible (Tech),https://www.linkedin.com/company/good-capital/,https://twitter.com/goodcapitalvc,https://payhip.com/projectstartups
Grand Ventures,https://grandvcp.com,Grand Rapids (United States),"Pre-Seed, Seed, Series A",https://grandvcp.com/Portfolio,"Advanced Manufacturing, Agriculture and Food, Transportation and Mobility, and other Midwest industries",https://www.linkedin.com/company/grand-ventures-fund-i/,https://twitter.com/grandvcp,https://payhip.com/projectstartups
Greenhouse Capital,https://greenhouse.capital,Lagos (Nigeria),"Pre-Seed, Seed, Series A",https://greenhouse.capital/portfolio/,"FinTech, Financial Services",https://www.linkedin.com/company/greenhouse-capital-africa/,https://twitter.com/GreenHouseCap_,https://payhip.com/projectstartups
growX Ventures,http://www.growxventures.com,New Delhi (India),"Pre-Seed, Seed, Series A",,"Enterprise (Software, AI, ML, HRTech, SpaceTech, IoT, Electric Vehicles, Robotics, HealthTech, FinTech, Digital Health)",https://www.linkedin.com/company/growx-ventures/,https://twitter.com/growxventures,https://payhip.com/projectstartups
Haatch Ventures,https://haatch.com,Stamford (United Kingdom),"Pre-Seed, Seed, Post-Seed, Series A",https://haatch.com/portfolio/,"Consumer Tech, Consumer SaaS, Consumer Services, FoodTech, Social Media, TravelTech, Enterprise Software, AR, MR, AI, Blockchain, Infrastructure, Smart Devices, Digital Media, Video, Marketplaces",https://www.linkedin.com/company/haatch,https://twitter.com/haatch,https://payhip.com/projectstartups
Halogen Ventures,https://halogenvc.com,Los Angeles (United States),"Pre-Seed, Seed, Series A",https://halogenvc.com/portfolio,"Female Founders & Consumer Tech (Fashion, Interior Design, Media + Social Media, Parenting Technology, Smart Cities, Beauty + Wellness, How We Eat, How We Shop, How We Travel, How We Work)",https://www.linkedin.com/company/halogen-ventures/,https://twitter.com/halogenvc,https://payhip.com/projectstartups
Hardware Club,https://www.hcvc.co,"San Francisco (United States), Paris (France)","Pre-Seed, Seed, Series A",https://www.hcvc.co/pages/portfolio,"Hardware (ML, Computer Vision, Enterprise, Consumer, Robotics, Health, Aerospace, Supply Chain, Infrastructure, Mobility)",https://www.linkedin.com/company/hardware-club/,https://twitter.com/hardware_club,https://payhip.com/projectstartups
Harpoon Ventures,https://harpoon.vc/,San Diego (United States),"Pre-Seed, Seed, Series A",https://harpoon.vc/portfolio/,"AI/Artificial Intelligence, AR/Augmented Reality, Deep Learning, Enterprise Software, Cyber Security, Hardware, Computing, Semiconductors, Chemicals, BioTech, Biopharma, Satellites, SpaceTech, Aerospace, Drones, Additive Manufacturing",https://www.linkedin.com/company/harpoon-ventures-portfolio/,,https://payhip.com/projectstartups
Hashed Ventures,https://www.hashed.com,"Seoul (South Korea), San Francisco (United States)","Pre-Seed, Seed, Series A",https://www.hashed.com/portfolio,"Decentralized Future, Protocol Economy Network Building, Blockchain, Cryptocurrency, Digital Assets, FinTech",https://www.linkedin.com/company/hashedfund/,https://twitter.com/hashed_official,https://payhip.com/projectstartups
Hemisphere Ventures,https://www.hemisphere.com,Seattle (United States),"Pre-Seed, Seed",https://www.hemisphere.com/companies.html,"Software, AdTech, AI, BioTech, EdTech, FinTech, HealthTech, IoT, Marketplaces, Robotics, Travel, Drones, Space, Enterprise, Consumer",https://www.linkedin.com/company/hemisphere-ventures/,,https://payhip.com/projectstartups
henQ,https://henq.vc,Amsterdam (Netherlands),"Pre-Seed, Seed, Series A",,"Enterprise Software (AI, ML, Data Analytics, Business Intelligence, Deep Learning, Market Research, EdTech, LegalTech, HRTech, Construction, Manufacturing, PropTech, Retail, E-commerce, MarTech, AdTech, Dev Tools, EnergyTech, MedTech, FinTech, Digital Media, Marketplaces)",https://www.linkedin.com/company/henq-invest/,https://twitter.com/henqinvest,https://payhip.com/projectstartups
Hustle Fund,https://www.hustlefund.vc,"San Carlos (United States), Singapore","Pre-Seed, Seed",https://www.hustlefund.vc/founders,"Flexible (Enterprise, FinTech, Marketplaces, Digital Health)",https://www.linkedin.com/company/hustle-fund/,https://twitter.com/HustleFundVC,https://payhip.com/projectstartups
Icebreaker.VC,https://www.icebreaker.vc,"Helsinki (Finland), Stockholm (Sweden), Tallinn (Estonia)","Pre-Seed, Seed, Series A",https://airtable.com/shrSaCszlW1Z4UVfw/tblYEgViHK0mRBlE1,"AI, ML, NLP, Deep Learning, Speech Recognition, Big Data, Data Analytics, IoT, Computer Vision, AR, VR, Enterprise Software, HealthTech, Cyber Security, FinTech, Crypto, Real Estate, PropTech, Dev Tools, Marketing, MarTech, Hardware, TravelTech",https://www.linkedin.com/company/icebreaker-vc/,https://twitter.com/icebreakervc,https://payhip.com/projectstartups
ID Ventures,https://idventures.com,Detroit (United States),"Pre-Seed, Seed, Series A",https://idventures.com/portfolio/,"Advanced Materials & Manufacturing, Medical Devices, MedTech, Life Sciences, BioTech, Biopharma, HealthTech, Digital Health, Drones, CPG, Consumer Brands, Retail, Enterprise Software, Cloud Computing, AdTech, MarTech, FoodTech, AgTech, AI, Data Analytics, Data Science, Fashion, AR, MR, Logistics, Supply Chain, FinTech, InsurTech, E-commerce, AutoTech, HRTech, EdTech, Energy, Mobility",https://www.linkedin.com/company/invest-detroit-ventures/,https://twitter.com/investdetroitVC,https://payhip.com/projectstartups
Incubate Fund India,https://www.incubatefund.in,Bangalore (India),"Pre-Seed, Seed",https://www.incubatefund.in/portfolio/,"Mobility, Enterprise Software, Gaming, eSports, TravelTech, HRTech, PropTech, EdTech, FinTech, InsurTech, HealthTech, Marketplaces",https://www.linkedin.com/company/incubate-fund-india/,,https://payhip.com/projectstartups
Inflection Point Ventures,https://ipventures.in,Gurugram (India),"Pre-Seed, Seed, Series A",https://ipventures.in/portfolio/,"Consumer, E-Commerce, EdTech, F&B, FinTech, Gaming & Social, HealthTech, HRTech, Logistics, Mobility, SaaS/Software, Sports & Fitness, Virtual Assistance",https://www.linkedin.com/company/ipventures/,https://twitter.com/ipventures_in,https://payhip.com/projectstartups
Ingressive Capital,https://ingressivecapital.com,Lagos (Nigeria),"Pre-Seed, Seed, Series A",https://ingressivecapital.com/portcos,"Consumer Tech, Consumer Internet, FinTech, Mobility, Marketplaces, AI, Data Analytics, Enterprise Software, Infrastructure Technology, HealthTech, Digital Health, MarTech, Telecom, AgTech, Supply Chain",https://www.linkedin.com/company/ingressive-capital/,https://twitter.com/IngressiveCap,https://payhip.com/projectstartups
Innospark Ventures,https://innospark.vc/,Boston (United States),"Pre-Seed, Seed, Series A, Series B",https://innospark.vc/our-portfolio/,"AI (Business Services, Health Care & Life Sciences, Education, Cyber Security)",https://www.linkedin.com/company/innosparkventures,https://twitter.com/innosparkv,https://payhip.com/projectstartups
Island Capital Partners,https://peislandcapitalpartners.com,Charlottetown (Canada),"Pre-Seed, Seed",,"Enterprise Software, EnergyTech, AgTech, Medical Devices, GovTech, SalesTech, Environmental, Sustainability",https://ca.linkedin.com/company/islandcapitalpartners,https://twitter.com/island_capital,https://payhip.com/projectstartups
January Ventures,https://www.january.ventures/,"Boston (United States), London (United Kingdom)","Pre-Seed, Seed",,"Female: Tech/Tech-Enabled (Future Of Work, Future Of Health Care, Future Of Commerce)",https://www.linkedin.com/company/january-ventures/,https://twitter.com/January_VC,https://payhip.com/projectstartups
K9 Ventures,https://www.k9ventures.com,Palo Alto (United States),Pre-Seed,https://www.k9ventures.com/startups/,"Tech (Technical Founders, New Technology/New Market, Direct Revenue, Hyper-local Team)",https://www.linkedin.com/company/k9-ventures/,https://twitter.com/k9ventures,https://payhip.com/projectstartups
Kae Capital,https://kae-capital.com,"Mumbai (India), Bengaluru (India)","Pre-Seed, Seed, Series A",https://kae-capital.com/investments/,Flexible (Tech),https://www.linkedin.com/company/kaecapital/,https://twitter.com/kaecapital,https://payhip.com/projectstartups
Kapor Capital,https://www.kaporcapital.com,Oakland (United States),"Pre-Seed, Seed",https://www.kaporcapital.com/portfolio/,"Education, Energy, Environment, Finance, Food, Future City, Health, Justice, Media, People Operations Tech, ResisTech, Work",https://www.linkedin.com/company/kapor-capital,https://twitter.com/kaporcapital,https://payhip.com/projectstartups
Kima Ventures,https://www.kimaventures.com,Paris (France),"Pre-Seed, Seed, Series A",https://www.kimaventures.com/portfolio,"Enterprise Software, Design, EdTech, Energy, FinTech, Hardware, Robotics, Logistics/Supply Chain, Media, SaaS, AdTech, Big Data, E-commerce, Retail, Entertainment, Gaming, Cyber Security, Social, TravelTech, Health, Bitcoin, FoodTech, AgTech, Lifestyle, CleanTech, Marketplaces",https://www.linkedin.com/company/kima-ventures/,https://twitter.com/kimaventures,https://payhip.com/projectstartups
Kindred Capital,https://www.kindredcapital.vc,London (United Kingdom),"Pre-Seed, Seed",,"Enterprise Software, FinTech, MarTech, HealthTech, Food, EdTech, Legal, Robotics, Wellness, Beauty, Recruitment, Transportation",https://www.linkedin.com/company/kindred-capital-vc/,https://twitter.com/kindred_vc,https://payhip.com/projectstartups
Kurma Partners,https://www.kurmapartners.com/en,"Paris (France), Munich (Germany)","Pre-Seed, Seed, Series A, Series B",https://www.kurmapartners.com/en/portfolio,"BioTech, Life Sciences, Therapeutics, Drug Development, Rare Diseases, Digital Health, Diagnostics, MedTech",https://www.linkedin.com/company/kurma-life-sciences-partners,https://twitter.com/kurmapartners,https://payhip.com/projectstartups
Lakehouse Ventures,https://lakehouse.vc,New York (United States),"Pre-Seed, Seed, Series A",https://lakehouse.vc/#portfolio,"Consumer Brands, Consumer Goods, Consumer Products, Personal Care, D2C, E-commerce, Beverages, Health, Nutrition, Pets, Sustainability, Consumer Tech, FinTech, EdTech",https://www.linkedin.com/company/lakehouse-ventures/,,https://payhip.com/projectstartups
LDV Capital,https://www.ldv.co,New York (United States),"Pre-Seed, Seed",https://www.ldv.co/capital,"Visual Technologies (Computer Vision, ML, AI to analyze visual data)",https://www.linkedin.com/company/ldv-capital,https://twitter.com/ldvcapital,https://payhip.com/projectstartups
Lighthouse Ventures,https://lhv.vc,Prague (Czech Republic),"Pre-Seed, Seed",https://lhv.vc/portfolio/,"Enterprise Software, AI, ML, Cyber Security, PropTech, Manufacturing, InsurTech, FinTech, MarTech, Logistics, D2C, Retail, MedTech, Medical Devices, Marketplaces",https://www.linkedin.com/company/lighthouse-ventures-prague,https://twitter.com/LHV_VC,https://payhip.com/projectstartups
LionBird,https://www.lionbird.com,"Chicago (United States), Tel Aviv (Israel)","Pre-Seed, Seed, Series A",https://www.lionbird.com/companies/,"Health Care (Blockchain for Trust, Health Monitoring, Diagnostics, Telehealth, Digital-Physical Bridge, Population Health, HealthFinTech, Wellness, Digital Health)",https://www.linkedin.com/company/lionbird/,https://twitter.com/lionbirdvc,https://payhip.com/projectstartups
Lofty Ventures,https://loftyventures.com,Chicago (United States),"Pre-Seed, Seed, Series A",https://loftyventures.com/portfolio/,"E-commerce, Web Apps, Mobile Apps, Enterprise Software, Consumer Products",https://www.linkedin.com/company/loftyventures/,https://twitter.com/loftyventures,https://payhip.com/projectstartups
London Venture Partners,https://londonvp.com,London (United Kingdom),"Angel, Pre-Seed, Seed",https://londonvp.com/our-portfolio/,"Gaming/Game (Mobile Games, Online Games, Social Games, Gaming Technology, Gaming Services)",https://www.linkedin.com/company/london-venture-partners/,https://twitter.com/londonvp,https://payhip.com/projectstartups
Loup,https://loupfunds.com,Minneapolis (United States),"Pre-Seed, Seed, Series A",https://loupfunds.com/portfolio/,"AI, AR, Autonomous Vehicles, Blockchain, Crypto, Gaming, NeuroTech, Retail, Robotics, VR, HealthTech, Digital Health, Logistics, Enterprise Software, MarTech, FinTech, PropTech, TravelTech, Marketplaces",https://www.linkedin.com/company/loup-ventures/,https://twitter.com/loupventures,https://payhip.com/projectstartups
Loyal VC,https://www.loyal.vc,Toronto (Canada),"Pre-Seed, Seed",https://www.loyal.vc/loyal-portfolio/companies,"Consumer Internet, FinTech, EdTech, FoodTech, E-commerce, Enterprise Software/SaaS, MarTech, Cyber Security, Media, Gaming",https://www.linkedin.com/company/loyal-vc/,https://twitter.com/loyalvc,https://payhip.com/projectstartups
Ludlow Ventures,https://ludlowventures.com,Detroit (United States),"Pre-Seed, Seed, Series A",https://ludlowventures.com/#companies,"Mobile, Software, Internet, E-commerce, Fashion, Marketplaces, eSports",https://www.linkedin.com/company/ludlow-ventures/,https://twitter.com/ludlowventures,https://payhip.com/projectstartups
M25,https://m25vc.com,"Chicago (United States), Indianapolis (United States)","Pre-Seed, Seed, Series A",https://m25vc.com/portfolio,"Big Data Analytics & IoT, Consumer Apps, E-commerce, EdTech, GovTech & LegalTech, Enterprise/B2B, SaaS/Software, Media & Entertainment & Sports, FinTech & Banking, Food & Beverage/FoodTech, Digital Health/HealthTech Hardware, MarTech/AdTech, Real Estate/PropTech, Transportation & Logistics",https://www.linkedin.com/company/m25-vc/,https://twitter.com/m25vc,https://payhip.com/projectstartups
MaC Venture Capital,https://macventurecapital.com,"Los Angeles (United States), Palo Alto (United States)","Pre-Seed, Seed",https://macventurecapital.com/mac-portfolio/,"Consumer Internet, FinTech, EdTech, Digital Health, Digital Media, E-commerce, Logistics/Infrastructure, Mobile, Services, Regulatory, Productivity, SaaS/Software, B2B/Enterprise",https://www.linkedin.com/company/mac-venture-capital,https://twitter.com/MaCVentureCap,https://payhip.com/projectstartups
Magic Fund,https://www.magic.fund,"Los Angeles (United States), London (United Kingdom), Lagos (Nigeria), Jakarta (Indonesia)","Pre-Seed, Seed",,"FinTech, Health Care, Digital Health, Women's Health, MarTech, Hospitality Tech, RetailTech, Logistics, Dev Tools, Blockchain, Crypto, SaaS, B2B, Software, Consumer Tech",https://www.linkedin.com/company/themagicfund/,,https://payhip.com/projectstartups
Matchstick Ventures,https://www.matchstick.vc,"Minneapolis (United States), Boulder (United States)","Pre-Seed, Seed, Series A",https://www.matchstick.vc/companies,"Consumer Internet, FinTech, E-commerce, Digital Health, SaaS/Software, B2B/Enterprise, AI & Data Analytics, Cyber Security",https://www.linkedin.com/company/matchstick-ventures/,https://twitter.com/matchstickvc,https://payhip.com/projectstartups
Mendoza Ventures,https://mendoza-ventures.com,Boston (United States),"Pre-Seed, Seed, Series A",https://mendoza-ventures.com/#portfolio,"AI, FinTech, Cyber Security, Blockchain, SaaS, E-commerce",https://www.linkedin.com/company/mendoza-ventures/,,https://payhip.com/projectstartups
Metaplanet Holdings,https://metaplanet.com,Tallinn (Estonia),"Pre-Seed, Seed, Series A, Series B",https://metaplanet.com/portfolio,"Artificial Intelligence, Biotechnology, Healthcare, Crypto, Transportation",https://www.linkedin.com/company/metaplanet/,,https://payhip.com/projectstartups
Modus Capital,https://modus.vc,"Cairo (Egypt), New York (United States), Dubai (United Arab Emirates), Abu Dhabi (United Arab Emirates)","Pre-Seed, Seed, Series A",https://modus.vc/portfolio/,"Social Impact (SaaS/Software, Enterprise/B2B, Media, Consumer Internet, FinTech, EdTech, Digital Health, MedTech, E-commerce, Consumer Products)",https://www.linkedin.com/company/modus-capital/,https://twitter.com/moduscapital,https://payhip.com/projectstartups
Moment Ventures,https://www.momentventures.com,Palo Alto (United States),"Pre-Seed, Seed, Series A",https://www.momentventures.com/portfolio/,"Future of Work (Business at the Speed of Software/B2B Software, Future of Workers/Collaboration, Masters of the Machines/AI & Data Analytics)",https://www.linkedin.com/company/moment-ventures/,https://twitter.com/momentvc,https://payhip.com/projectstartups
Montage Ventures,https://montageventures.com,Palo Alto (United States),"Pre-Seed, Seed, Series A",,"FinTech, Consumer Internet/Consumer Brands, E-commerce, Digital Health/Health Devices",https://www.linkedin.com/company/montage-ventures/,https://twitter.com/montageventures,https://payhip.com/projectstartups
Moonfire Ventures,https://www.moonfire.com,London (United Kingdom),"Pre-Seed, Seed",https://www.moonfire.com/portfolio/,"Enterprise Software, FinTech, Entertainment, Digital Media, AR, VR, Gaming",https://www.linkedin.com/company/moonfire/,,https://payhip.com/projectstartups
Mucker Capital,https://www.mucker.com,Santa Monica (United States),"Pre-Seed, Seed, Series A",https://www.mucker.com/companies/,"Consumer Internet, FinTech, E-commerce, EdTech, Digital Health/HealthTech, Digital Media/Gaming, Enterprise/B2B, SaaS/Software, MarTech, Cyber Security, HRTech, PropTech",https://www.linkedin.com/company/mucker,https://twitter.com/mucker,https://payhip.com/projectstartups
N49P Ventures,https://www.n49p.com,Toronto (Canada),"Pre-Seed, Seed",https://www.n49p.com/portfolio,"Software, SaaS, B2B, Enterprise, FinTech, PropTech, HealthTech, EdTech, Blockchain, AI/ML, Cyber Security, HRTech, Consumer Tech",https://www.linkedin.com/company/n49p-ventures/,,https://payhip.com/projectstartups
Nama Ventures,https://www.namaventures.com,Riyadh (Saudi Arabia),"Pre-Seed, Seed, Series A",,"Consumer Internet, Marketplace, E-commerce, FinTech, EdTech, Digital Health, Digital Media, TravelTech, Enterprise/B2B, Software/SaaS, MarTech/AdTech, Cyber Security, Dev Tools, HRTech, RetailTech, Hardware/Robotics, Construction, Transportation, Energy",https://www.linkedin.com/company/namaventures/,https://twitter.com/namaventures,https://payhip.com/projectstartups
Nazca,https://nazca.vc,Mexico City (Mexico),"Pre-Seed, Seed, Series A",https://nazca.vc/portfolio,"BioTech, Commerce, Data, EdTech, FinTech, FoodTech, HealthTech, InsurTech, Logistics, PropTech, SpaceTech, B2B, SaaS, Software, Consumer Tech",https://www.linkedin.com/company/nazcavc/,,https://payhip.com/projectstartups
New Nordic Ventures,https://newnordic.vc,Riga (Latvia),"Pre-Seed, Seed",https://newnordic.vc/#portfolio,"B2B Tech, Enterprise, AI/ML, AR/VR, AgTech, Industrial Tech, IoT, DeepTech",https://www.linkedin.com/company/new-nordic-ventures/,https://www.facebook.com/profile.php,https://payhip.com/projectstartups
New Stack Ventures,https://www.newstack.com,Chicago (United States),"Pre-Seed, Seed",,"DeepTech, HardTech, Internet of Things, Smart Hardware, Connected Devices, Artificial Intelligence, Blockchain, Marketplaces, Platforms, Enterprise/B2B Software, SaaS for legacy industries",,,https://payhip.com/projectstartups
New York Venture Partners,http://www.nyvp.com,New York (United States),"Pre-Seed, Seed",,"Consumer Internet, E-commerce, Digital Media/Social Networks, Hardware/Robotics, Enterprise/B2B, SaaS/Software, Developer Tools",https://www.linkedin.com/company/new-york-venture-parters-nyvp-/,,https://payhip.com/projectstartups
Newfund Capital,https://newfundcap.com,"Paris (France), San Francisco (United States)","Pre-Seed, Seed, Series A, Series B",https://newfundcap.com/portfolio,"Enterprise Software, Infrastructure & Networks, Retail, RetailTech, E-commerce, Enterprise, Consumer, Hardware, Energy, CleanTech, FinTech, HealthTech, Marketplaces, EdTech, Construction & Real Estate, FoodTech, HRTech, AdTech, Hospitality, TravelTech, Gaming, Entertainment, Automotive, IoT, NanoTech, Blockchain, Crypto",https://www.linkedin.com/company/newfund-management/,https://twitter.com/Newfund,https://payhip.com/projectstartups
Newzone Ventures,https://newzone.vc,"Lisbon (Portugal), London (United Kingdom)","Pre-Seed, Seed",https://newzone.vc/portfolio/,"Enterprise Software, Cloud Infrastructure, AI, ML, Data Analytics, Fashion, Retail, FinTech, InsurTech, JobTech, HRTech, MarTech, Logistics, Digital Media, Gaming, EdTech, EnergyTech, Marketplaces",https://www.linkedin.com/company/newzone-ventures/,https://twitter.com/Newzone_vc,https://payhip.com/projectstartups
Next Gear Ventures,https://www.nextgear.fund,Tel Aviv (Israel),"Pre-Seed, Seed, Series A",https://www.nextgear.fund/portfolio,"Smart Mobility (Deep Learning, Sensors, Batteries, Imaging, Autonomous Driving, Autonomous Systems, Fleets)",https://www.linkedin.com/company/nextgearventures/,,https://payhip.com/projectstartups
NextView Ventures,https://nextview.vc,"Boston (United States), New York (United States)","Pre-Seed, Seed",https://nextview.vc/investments/,"Everyday Economy (FoodTech, Housing/Real Estate/PropTech, Apparel/E-commerce, Transportation/Mobility, HealthTech, Future of Work, Money/FinTech, Entertainment)",https://www.linkedin.com/company/nextview-ventures,https://twitter.com/nextviewvc,https://payhip.com/projectstartups
NFX,https://www.nfx.com,"San Francisco (United States), Palo Alto (United States), Herzlia (Israel)","Pre-Seed, Seed, Series A",https://www.nfx.com/companies,"Network Effects, B2B Marketplace/B2B Services, Consumer Marketplace/Consumer Internet, Communities, Digital Media/Social Media, BioTech/Tech-Bio, SaaS/Software",https://www.linkedin.com/company/nfx-guild/,https://twitter.com/nfx,https://payhip.com/projectstartups
​​NOEMIS Ventures,https://www.noemisventures.com,New York (United States),"Pre-Seed, Seed",https://www.noemisventures.com/portfolio,"FinTech, Artificial Intelligence, AI/ML, Marketplaces, B2B, Consumer Tech",https://www.linkedin.com/company/noemis-ventures/about/,,https://payhip.com/projectstartups
Notation Capital,https://notation.vc,New York (United States),"Pre-Seed, Seed",https://notation.vc/companies/,"FinTech, Blockchain, EdTech, HealthTech/Digital Health, Infrastructure, SaaS/B2B Software, Developer Tools, Cyber Security, Logistics, Machine Learning, Climate Tech",https://www.linkedin.com/company/notation-capital/,https://twitter.com/NotationCapital,https://payhip.com/projectstartups
Octopus Ventures,https://octopusventures.com,"London (United Kingdom), New York (United States)","Pre-Seed, Seed, Series A, Series B",https://octopusventures.com/portfolio/,"Future of Health (Digital Health, Tackling Taboo Issues, Health Care Software), Future of Money (Exchange, Allocation), Deep Tech (Human-Computer Interface, Quantum Computing, Robotics, Synthetic Biology)",https://www.linkedin.com/company/octopus-ventures/,https://twitter.com/OctopusVentures,https://payhip.com/projectstartups
OneWay Ventures,https://onewayvc.com,Boston (United States),"Pre-Seed, Seed, Series A",https://onewayvc.com/portfolio/,"Immigrant Founders (Enterprise Software, Logistics, Supply Chain, Mobility, FinTech, AI, PropTech, Future of Work, Robotics, MarTech, EdTech, HealthTech, HRTech, JobTech, Marketplaces, E-commerce, Cyber Security, AgTech, New Materials, LegalTech, RetailTech, Wireless, Cloud Infrastructure, VR, SpaceTech, Sensors)",https://www.linkedin.com/company/one-way-ventures/,https://twitter.com/onewayvc,https://payhip.com/projectstartups
OSS Capital,https://oss.capital,San Francisco (United States),"Pre-Seed, Seed, Series A",https://oss.capital/portfolio,Commercial Open-Source Software (COSS),,,https://payhip.com/projectstartups
Overline VC,https://overline.vc,Atlanta (United State),"Pre-Seed, Seed, Series A",,"FinTech, Real Estate, PropTech, Enterprise Software, HealthTech, Dev Tools",https://www.linkedin.com/company/overlinevc/,https://twitter.com/OverlineVC,https://payhip.com/projectstartups
Palm Drive Capital,https://palmdrive.vc,New York (United States),"Pre-Seed, Seed, Series A",https://palmdrive.vc/portfolio/,"FinTech, Enterprise B2B Software/SaaS, E-commerce, Digital Health",https://www.linkedin.com/company/palm-drive-ventures/,https://twitter.com/PalmDriveVC,https://payhip.com/projectstartups
Panache Ventures,https://www.panache.vc,"Montreal (Canada), Calgary (Canada), Toronto (Canada), Vancouver (Canada)","Pre-Seed, Seed",https://www.panache.vc/portfolio,"FinTech, Digital Health, EdTech, Digital Media, TravelTech, Consumer Internet, E-commerce, Sports, Enterprise/B2B, Software/SaaS, MarTech, Real Estate/PropTech, Cyber Security, HRTech",https://www.linkedin.com/company/panache-ventures/,https://twitter.com/panachevc,https://payhip.com/projectstartups
Parade Ventures,https://www.parade.vc,San Francisco (United States),"Pre-Seed, Seed",https://www.parade.vc/portfolio.php,"Software/SaaS, B2B/Enterprise, Cyber Security, MarTech, HRTech, Dev Tools, HealthTech, PropTech, Logistics, FinTech/InsurTech, Consumer Internet & Mobile, E-commerce/Consumer Brands",https://www.linkedin.com/company/paradeventures/,https://twitter.com/paradevc,https://payhip.com/projectstartups
Pathbreaker Ventures,https://www.pathbreakervc.com,San Francisco (United States),"Pre-Seed, Seed",https://www.pathbreakervc.com/companies,"DeepTech (Hardware/Robotics, Software/SaaS, AI/ML, Deep Learning, Reinforcement Learning, Computer Vision, Natural Language Processing, Natural Language Understanding, Computational Biology, VR/AR)",https://www.linkedin.com/company/pathbreaker-ventures/,https://twitter.com/pathbreakervc,https://payhip.com/projectstartups
Peak Capital,https://peak.capital,Amsterdam (Netherlands),"Pre-Seed, Seed, Series A",https://peak.capital/founders/,"SaaS, Marketplace & Platform (B2B/Enterprise, Consumer, B2B Software)",https://www.linkedin.com/company/peak-capital,https://twitter.com/peakcapitalvc,https://payhip.com/projectstartups
Pear VC,https://pear.vc,San Francisco (United States),"Pre-Seed, Seed, Series A",https://pear.vc/companies/,"Consumer Tech/Consumer Internet, B2B/Enterprise, Health Care/Life Sciences/HealthTech, DeepTech, FinTech",https://www.linkedin.com/company/pear-vc/,https://twitter.com/pearvc,https://payhip.com/projectstartups
Peterson Ventures,https://www.petersonventures.com,Salt Lake City (United States),"Pre-Seed, Seed",https://www.petersonventures.com/portfolio/,"Digital Commerce, SaaS, Digital Health, FinTech",https://www.linkedin.com/company/peterson-ventures/,https://twitter.com/petersonventure,https://payhip.com/projectstartups
Phaze Ventures,https://www.phazeventures.com,Muscat (Oman),"Pre-Seed, Seed, Series A",https://www.phazeventures.com/portfolio,"Consumer Internet, E-commerce, Enterprise/B2B, Supply Chain, Energy",https://www.linkedin.com/company/phaze-ventures/,https://twitter.com/phazeventures,https://payhip.com/projectstartups
Pi Labs,https://pilabs.co.uk,London (United Kingdom),"Pre-Seed, Seed, Series A",https://pilabs.co.uk/portfolio,"Tech and Real Estate, Built World Tech, Real Estate Tech, PropTech (How We Build, How We Experience, How We Live, How We Move, How We Own, How We Work, Sustainability)",https://www.linkedin.com/company/pi-labs-ltd-/,https://twitter.com/pi_labs,https://payhip.com/projectstartups
Picus Capital,https://www.picuscap.com,"Munich (Germany), Berlin (Germany), London (United Kingdom), New York (United States), Beijing (China)","Pre-Seed, Seed, Series A",https://www.picuscap.com/portfolio/,"Consumer Internet, FinTech & InsurTech, E-commerce, Digital Health, Mobility, B2B/Enterprise, SaaS/Software, Real Estate/PropTech, HRTech, Renewable Energy",https://www.linkedin.com/company/picus-capital/,https://twitter.com/picuscap,https://payhip.com/projectstartups
PJC,https://www.pjc.vc,Boston (United States),"Pre-Seed, Seed, Series A",https://www.pjc.vc/portfolio,"Consumer Tech, IoT, FinTech/InsurTech, Consumer Internet, Digital Health/HealthTech, EnergyTech, Software/SaaS, B2B/Enterprise, MarTech, HRTech, PropTech",https://www.linkedin.com/company/pjcvc/,https://twitter.com/PJCventure,https://payhip.com/projectstartups
PLG Ventures,https://www.plgventures.com,Santa Monica (United States),"Pre-Seed, Seed",https://www.plgventures.com/#portfolio,"Technology-Enabled Startups, Consumer Internet, B2B SaaS, Enterprise Software, Marketplaces",https://www.linkedin.com/company/plg-ventures/,,https://payhip.com/projectstartups
Polychain Capital,https://polychain.capital,San Francisco (United States),"Pre-Seed, Seed, Series A",https://jobs.polychain.capital/companies,"Blockchain Assets, Crypto, Bitcoin",https://www.linkedin.com/company/polychain-capital/,https://twitter.com/polychain,https://payhip.com/projectstartups
Precursor Ventures,https://precursorvc.com,San Francisco (United States),"Pre-Seed, Seed",https://precursorvc.com/portfolio/,"Consumer, Digital Health, EdTech, Enterprise/B2B, FinTech, Hardware, Marketplaces, Media, SaaS/Software",https://www.linkedin.com/company/15231498,https://twitter.com/PrecursorVC,https://payhip.com/projectstartups
Primary Venture Partners,https://www.primary.vc,New York (United States),"Pre-Seed, Seed, Series A",https://www.primary.vc/portfolio,"Consumer Internet/Consumer Brands, FinTech, EdTech, Digital Health & Fitness, E-commerce, FoodTech, Media, Hospitality/TravelTech, Enterprise/B2B Software/SaaS, MarTech, Cyber Security, HRTech, PropTech, Logistics & Supply Chain",https://www.linkedin.com/company/primary-venture-partners/,https://twitter.com/PrimaryVC,https://payhip.com/projectstartups
Primo Ventures,https://www.primomigliosgr.it,Milan (Italy),"Pre-Seed, Seed, Series A",https://www.primomigliosgr.it/portfolio,"ICT, Enterprise Software, FinTech, MarTech, HealthTech, EventTech, Digital Media, Gaming, PropTech, Transportation, Travel, Cyber Security, E-commerce, Fashion, EdTech, Sports, Marketplaces",https://www.linkedin.com/company/primomiglio-sgr/,https://twitter.com/PrimoVc,https://payhip.com/projectstartups
PSL Ventures,https://www.psl.com/ventures,Seattle (United States),"Pre-Seed, Seed, Series A",https://www.psl.com/companies,"FinTech, SaaS, Enterprise Software, B2B Software, Digital Health, Consumer Internet, Virtual Reality, Gaming",https://www.linkedin.com/company/pioneer-square-labs/,https://twitter.com/psl,https://payhip.com/projectstartups
Radical Ventures,https://radical.vc,Toronto (Canada),"Pre-Seed, Seed, Series A",https://radical.vc/portfolio/,"Artificial Intelligence/AI, Machine Learning (Health Care/BioTech, Financial Services/FinTech, Infrastructure, Manufacturing, Construction, Transportation, Robotics)",https://www.linkedin.com/company/radicalventures/,https://twitter.com/radicalvcfund,https://payhip.com/projectstartups
Raed Ventures (CVC),https://raed.vc,"Dammam (Saudi Arabia), Dubai (United Arab Emirates)","Pre-Seed, Seed, Series A, Series B",https://raed.vc/portfolio/,"SaaS, PaaS, Sharing Economy, Marketplaces, Aggregation, Logistics, FinTech, EdTech, Digital Health, RetailTech, Entertainment, Industrial, Managerial Support",https://www.linkedin.com/company/raedvc/,https://twitter.com/raedvc,https://payhip.com/projectstartups
RallyCap Ventures,https://ralicap.com,San Francisco (United States),"Pre-Seed, Seed, Series A",,"Emerging Markets FinTech Infrastructure (FinTech APIs, Data, Payments, Communication)",https://www.linkedin.com/company/rallycapventures/,https://twitter.com/RallyCapGlobal,https://payhip.com/projectstartups
Remapped Ventures,https://www.remappedventures.com,Toronto (Canada),"Pre-Seed, Seed, Series A",https://www.remappedventures.com/portfolio/,"FinTech, EdTech, WorkTech, HousingTech, HealthTech, FoodTech, AI Tech",https://www.linkedin.com/company/remapped-ventures/,https://twitter.com/remappedrv,https://payhip.com/projectstartups
Remote First Capital,https://www.remotefirstcapital.com,San Francisco (United States),"Pre-Seed, Seed",,"Tools Improving & Leveraging Remote Work, Engineering & No-Code Tools",https://www.linkedin.com/company/remote-first-capital/,,https://payhip.com/projectstartups
Resolute Ventures,https://resolute.vc,"San Francisco (United States), Boston (United States)","Pre-Seed, Seed, Series A",https://resolute.vc/companies/,"Consumer, Data, DevTools, E-commerce, Enterprise, FinTech, Hardware, Marketplaces, SaaS",https://www.linkedin.com/company/resolute-ventures/,https://twitter.com/resolutevc,https://payhip.com/projectstartups
Rethink Education,https://rethink-capital.com/education/,"New York (United States), San Francisco (United States), Washington DC (United States)","Pre-Seed, Seed, Series A",,"EdTech/Education (Crucial Life Skills, Personalized Learning, Vocational Preparation, Workforce Learning Resources Curation, College Dropout Prevention)",https://www.linkedin.com/company/rethink-education-fund/,https://twitter.com/rethink_ed,https://payhip.com/projectstartups
Saison Capital (CVC),https://www.saisoncapital.com,Singapore,"Pre-Seed, Seed, Series A",https://www.saisoncapital.com/portfolio,"FinTech, Embedded Finance, SaaS/Software, Enterprise/B2B, E-commerce, Consumer Internet, Marketplaces",https://www.linkedin.com/company/saisoncapital/,,https://payhip.com/projectstartups
Samaipata Ventures,https://www.samaipata.vc,"Madrid (Spain), London (United Kingdom), Paris (France)","Pre-Seed, Seed, Series A",https://www.samaipata.vc/our-portfolio,"Digital Platforms, Marketplaces",https://www.linkedin.com/company/samaipata-ventures/,https://twitter.com/samaipatavc,https://payhip.com/projectstartups
Sandalphon Capital,http://sandalphoncapital.com,Chicago (United States),"Pre-Seed, Seed, Series A",http://sandalphoncapital.com/portfolio/,"B2B/Enterprise SaaS/Software, FinTech, InsurTech, RegTech, Real Estate Tech/PropTech, Tech-Enabled Health Care Services/Healthcare IT, Consumer Tech, CPG, FoodTech, EdTech, IoT/Hardware",https://www.linkedin.com/company/sandalphon-capital/,https://twitter.com/sandalphoncap,https://payhip.com/projectstartups
Savannah Fund,https://savannah.vc,"Nairobi (Kenya), Cape Town (South Africa), Lagos (Nigeria)","Pre-Seed, Seed, Series A",https://savannah.vc/startups/,"AgTech, ClimateTech, Content, E-commerce, EdTech, Enterprise SaaS, FinTech, Healthcare, Mobility & Logistics, Web3/Crypto, Blockchain",https://www.linkedin.com/company/savannah-fund/about/,https://twitter.com/savannahfund,https://payhip.com/projectstartups
Schematic Ventures,https://www.schematicventures.com,"San Francisco (United States), New York (United States)","Pre-Seed, Seed, Series A",https://www.schematicventures.com/#portfolio-section,"Digital Industrial Technology, Commerce Infrastructure, Supply Chain, Manufacturing, Industrial Automation",https://www.linkedin.com/company/schematicvc/,https://twitter.com/schematicvc,https://payhip.com/projectstartups
Scopus Ventures,https://scopusventures.com,Los Angeles (United States),"Pre-Seed, Seed, Post-Seed",,"Enterprise/B2B (Software/SaaS, Business Intelligence, Automation, Cyber Security, Digital Media, Health Care IT, FinTech)",https://www.linkedin.com/company/scopus-ventures/,https://twitter.com/scopusventures,https://payhip.com/projectstartups
Scribble Ventures,https://www.scribble.vc,"Portola Valley, CA (United States)","Pre-Seed, Seed, Series A",https://www.scribble.vc/portfolio,"Enterprise Software/B2B Software, Enterprise SaaS, FinTech, Consumer Internet, E-commerce, Social Networking, EdTech, Marketplace",https://www.linkedin.com/company/scribble-ventures/,https://twitter.com/scribblevc,https://payhip.com/projectstartups
Script Capital (122WEST Ventures),https://script.capital,San Francisco (United States),"Pre-Seed, Seed, Series A",https://script.capital/companies/,"SaaS/Software, Marketplaces, Mobility, Enterprise/B2B, Cyber Security, AR/VR, Crypto, Productivity, Deep Tech, Media, Developer Tools, E-commerce, HRTech, Mobile & Social, FinTech, EdTech, Digital Health, Wellness & Fitness, Logistics",,,https://payhip.com/projectstartups
Secocha Ventures,https://www.secocha.com,Miami (United States),"Pre-Seed, Seed, Series A",https://www.secocha.com/portfolio,"FinTech, HealthTech, Consumer Products, Consumer Services",https://www.linkedin.com/company/secocha-investments/,,https://payhip.com/projectstartups
Seedcamp,https://seedcamp.com,London (United Kingdom),"Pre-Seed, Seed",https://seedcamp.com/our-startups/,"3D Printing/Robotics, AI/Machine Learning, Blockchain, Bots/Messaging, Cloud/Infrastructure, Communications, Data/Analytics, Dev Tools, E-commerce, EdTech, FinTech, Future of Work & Productivity, Gaming, Health, Human Resources, IoT/Hardware, LegalTech, MarTech/AdTech, Marketplaces, Media/ Content, PropTech, Cyber Security, Social, Travel, Vertical SaaS, VR/AR",https://www.linkedin.com/company/seedcamp_2/,https://twitter.com/seedcamp,https://payhip.com/projectstartups
Selvedge Venture,https://www.selvedgeventure.com,London (United Kingdom),"Pre-Seed, Seed, Series A",https://www.selvedgeventure.com/index.php/portfolio/,"Age-Related Medical Conditions (Life Sciences, Health Care, BioTech, Metabolic Syndrome, Cancer, Neurodegenerative Diseases)",https://www.linkedin.com/company/selvedge-venture/,,https://payhip.com/projectstartups
SFC Capital,https://sfccapital.com,London (United Kingdom),"Pre-Seed, Seed",https://sfccapital.com/portfolio,"Mobile & Online Solutions, Sci & Tech Innovations, Life Sciences, Services & Manufacturing, Online Platforms & Marketplaces, Media & Entertainment, Consumer Products, CPG, Food & Drink",https://www.linkedin.com/company/sfccapital/,https://twitter.com/sfccapitaluk,https://payhip.com/projectstartups
Shorooq Partners,https://www.shorooq.com,"Abu Dhabi (United Arab Emirates), Riyadh (Saudi Arabia), Manama (Bahrain), Dubai (United Arab Emirates)","Pre-Seed, Seed, Series A",https://www.shorooq.com/portfolio,"FinTech, Marketplaces, Software, Tech-Enabled Enterprise Services, HealthTech, EdTech",https://www.linkedin.com/company/shorooqpartners/,https://twitter.com/shorooqpartners,https://payhip.com/projectstartups
Shrug Capital,https://shrug.vc,San Francisco (United States),"Pre-Seed, Seed, Series A",,"Consumer Tech/Consumer Internet (Crypto, SaaS, Content, Video, Digital Media, VR, AR, Social, GIFs, E-commerce)",https://www.linkedin.com/company/shrug-capital/,https://twitter.com/shrugcap,https://payhip.com/projectstartups
Side Door Ventures,https://sidedoorventures.co,San Francisco (United States),"Pre-Seed, Seed, Series A, Series B",https://sidedoorventures.co/portfolio/,"Software, Life Sciences, Space, DeepTech, Blockchain, Logistics, Gaming, Media, Cyber Security, FoodTech, Financial Services/FinTech",https://www.linkedin.com/company/side-door-ventures/,,https://payhip.com/projectstartups
Signals VC,https://signals.vc,Berlin (Germany),"Pre-Seed, Seed, Series A",https://signals.vc/portfolio,"B2B/Enterprise Software/SaaS (Automation, FinTech/InsurTech, MarTech, EdTech, Logistics)",https://www.linkedin.com/company/signals-vc/,https://twitter.com/signalsvc/,https://payhip.com/projectstartups
Slauson & Co,https://www.slauson.co,Los Angeles (United States),"Pre-Seed, Seed",,"Small Businesses Software, SMB SaaS, B2B, Consumer Tech",https://www.linkedin.com/company/slausonandco/,https://twitter.com/slausonandco,https://payhip.com/projectstartups
Slow Ventures,https://slow.co,"San Francisco (United States), Boston (United States)","Pre-Seed, Seed, Series A",,"Consumer Tech, Consumer Brands, Social Networking, Direct To Consumer, Enterprise Software/SaaS, Crypto, Real World",https://www.linkedin.com/company/slow-ventures/,https://twitter.com/slow,https://payhip.com/projectstartups
SoGal Ventures,https://www.sogalventures.com,New York (United States),"Pre-Seed, Seed, Series A",,"Women Entrepreneurs/Undervalued Entrepreneurs (Consumer Internet/Consumer Brands/E-commerce/Media, HealthTech/Digital Health/Health & Wellness, Enterprise/B2B, Software/SaaS)",https://www.linkedin.com/company/sogal-ventures/,https://twitter.com/sogalventures,https://payhip.com/projectstartups
Speciale Invest,https://www.specialeinvest.com,Chennai (India),"Pre-Seed, Seed, Series A",https://www.specialeinvest.com/portfolio,"DeepTech Enterprise Software & SaaS (AI/ML, No-Code Low Code, AR/VR, Cloud & Dev Infra, Future of Work), Frontier Tech (Climate Tech and Clean Energy, Electric & Autonomous Vehicles, Space Tech, Robotics, Quantum Computing, Synthetic Biology",https://www.linkedin.com/company/specialeinvest/,https://twitter.com/SpecialeInvest,https://payhip.com/projectstartups
Speedinvest,https://www.speedinvest.com,"Vienna (Austria), Berlin (Germany), London (United Kingdom), Munich (Germany), Paris (France)","Pre-Seed, Seed, Series A",https://www.speedinvest.com/portfolio,"Deep Tech, FinTech, Industrial Tech, Marketplaces & Consumer, Subscriptions & Digital Health, SaaS/Software",https://www.linkedin.com/company/speedinvest,https://twitter.com/speedinvest,https://payhip.com/projectstartups
SpringTime Ventures,https://springtimeventures.com,"Denver (United States), Boulder (United States), Austin (United States), Atlanta (United States)","Pre-Seed, Seed",https://springtimeventures.com/portfolio/,"B2B Software/SaaS, MarTech/AdTech, PropTech, FinTech, Digital Health, Consumer Internet, E-commerce",https://www.linkedin.com/company/springtime-ventures/,,https://payhip.com/projectstartups
Squadra Ventures,https://www.squadra.vc,Baltimore (United States),"Pre-Seed, Seed, Pre-Series A",,"Enterprise Software/B2B SaaS/Enterprise Tech (Cloud, AI, Data Analytics, Cyber Security, FinTech)",https://www.linkedin.com/company/squadra-ventures,https://twitter.com/squadra_vc,https://payhip.com/projectstartups
SRI Capital,http://sricapital.com,Philadelphia (United States),"Pre-Seed, Seed, Pre-Series A",,"Enterprise Software/B2B SaaS, DeepTech, MedTech/HealthTech/Digital Health/AI, Consumer Internet/FinTech",https://www.linkedin.com/company/sri-capital/,https://twitter.com/sri_capital,https://payhip.com/projectstartups
Stage Venture Partners,https://www.stagevp.com,Los Angeles (United States),"Pre-Seed, Seed",https://www.stagevp.com/portfolio,"Emerging Enterprise Software Technology (B2B, E-commerce, Sound/Audio Tech, HealthTech, GovTech, Aerospace, Vertical SaaS)",https://www.linkedin.com/company/stage-investment/,https://twitter.com/stagevp,https://payhip.com/projectstartups
Starting Line,https://www.startingline.vc,Chicago (United States),"Pre-Seed, Seed, Series A",https://www.startingline.vc/portfolio,"Consumer Brands, Consumer Products, Consumer Services, Consumer Internet, Consumer Tech",https://www.linkedin.com/company/starting-line-vc/,,https://payhip.com/projectstartups
Sterling Road,https://www.sterlingroad.com,San Francisco (United States),"Pre-Seed, Seed",https://www.sterlingroad.com/portfolio,"Enterprise/B2B (Software/SaaS, Data Analytics, Business Intelligence, FinTech, MarTech, HRTech, Cyber Security, LegalTech)",https://www.linkedin.com/company/sterlingroad/,https://twitter.com/sterlingroadvc,https://payhip.com/projectstartups
Stray Dog Capital,https://straydogcapital.com,"Leawood, KS (United States)","Pre-Seed, Seed, Series A",https://straydogcapital.com/our-portfolio/,"Plant-Based Food & Beverage, Cellular Agriculture/AgTech, FoodTech, New Frontiers",https://www.linkedin.com/company/stray-dog-capital/,https://twitter.com/StrayDogCapital,https://payhip.com/projectstartups
Studio VC,https://www.studio.vc,New York (United States),"Pre-Seed, Seed, Series A",https://www.studio.vc/portfolio,"Technology, Digital Media, Consumer, FinTech, SaaS, B2B, Enterprise, MarTech, Artificial Intelligence Real Estate, Autonomous Vehicles, Transportation",https://www.linkedin.com/company/studio-vc/,,https://payhip.com/projectstartups
Superlyst,https://superlyst.vc,Munich (Germany),"Pre-Seed, Seed",,"Technology, Consumer, Digital Health, E-commerce, Media, FoodTech, B2B, Software, Enterprise, Telecommunication, Travel",https://www.linkedin.com/company/superlyst/,,https://payhip.com/projectstartups
Supernode Ventures,https://supernode.vc,New York (United States),"Pre-Seed, Seed, Series A",https://supernode.vc/portfolio-info,"FinTech, B2B Software, Retail, Real Estate, Logistics, MarTech, Digital Media, Consumer Internet/Consumer Brands, E-commerce, Digital Health, BioTech",https://www.linkedin.com/company/supernode-ventures/,https://twitter.com/supernodevc,https://payhip.com/projectstartups
Sustainable Food Ventures,https://www.sustainablefoodventures.com,North Carolina (United States),"Pre-Seed, Seed, Series A",https://www.sustainablefoodventures.com/companies,"FoodTech (Cell-Based, Plant-Based, Recombinant)",https://www.linkedin.com/company/sustainable-food-ventures/,https://twitter.com/SFV_RollingFund,https://payhip.com/projectstartups
Sweet Capital,https://sweetcapital.com,"London (United Kingdom), Stockholm (Sweden), Santa Monica (United States)","Pre-Seed, Seed, Series A",https://sweetcapital.com/portfolio/,"Consumer Tech, Mobile, Gaming",https://www.linkedin.com/company/sweetcapital/,https://twitter.com/sweet_capital,https://payhip.com/projectstartups
System.One,http://www.systemone.vc,Berlin (Germany),"Pre-Seed, Seed",,"Enterprise Software, Cloud Infrastructure, AI, ML, Data Analytics, Blockchain, Cyber Security, Industry 4.0",https://www.linkedin.com/company/system-one-vc/,https://twitter.com/systemonevc,https://payhip.com/projectstartups
TAU Ventures,https://www.tauventures.co.il,Tel Aviv (Israel),"Pre-Seed, Seed",https://www.tauventures.co.il/portfolio/,"Enterprise Software, Cyber Security, IoT, Supply Chain, 3D printing, Digital Media, HealthTech, AgTech, FoodTech, Drones, AI, VR, Computer Vision",https://www.linkedin.com/company/tau-ventures/,,https://payhip.com/projectstartups
TechU,https://techuventures.com,New York (United States),"Pre-Seed, Seed, Pre-Series A",https://techuventures.com/portfolio,"DeepTech (FinTech, Genomics, BioTech, Life Sciences Tech, AgTech/FoodTech, Software/SaaS, Cyber Security, Robotics, Advanced Manufacturing, SpaceTech)",https://www.linkedin.com/company/techu-vc/,https://twitter.com/techuventures,https://payhip.com/projectstartups
Teja Ventures,https://www.tejaventures.com,"Singapore, Jakarta (Indonesia)","Pre-Seed, Seed, Pre-Series A",https://www.tejaventures.com/portfolio,"She Economy/Women Entrepreneurs/Women Consumers (Health & Wellness, Digital Distribution, Financial Inclusion, Future of Retail, The Content Economy, Social Networks)",https://www.linkedin.com/company/tejaventures/,,https://payhip.com/projectstartups
Tera Ventures,https://www.tera.vc,"Tallinn (Estonia), London (United Kingdom), Helsinki (Finland), Amsterdam (Netherlands)","Pre-Seed, Seed, Series A",https://www.tera.vc/#portfolio,"Global Estonian Digital Startups (FinTech, Automation, AI/ML, DeepTech, Software/SaaS, B2B/Enterprise)",https://www.linkedin.com/company/tera-ventures,https://twitter.com/teraventures,https://payhip.com/projectstartups
The Engine,https://engine.xyz,Cambridge - MA (United States),"Pre-Seed, Seed, Series A",https://engine.xyz/companies,"(CLIMATE CHANGE: New Materials & Processes, HUMAN HEALTH: Biotechnology, Biology, Materials, Engineering, AI, ADVANCED SYSTEMS & INFRASTRUCTURE: Advanced Computing, Mobility, And The Built Environment, Industrial Systems) Tough Tech, DeepTech, IoT, AI/ML",https://www.linkedin.com/company/theengine/,https://twitter.com/enginexyz,https://payhip.com/projectstartups
The Fund,https://www.thefund.vc,New York (United States),"Pre-Seed, Seed",https://www.thefund.vc/portfolio/,"FinTech, Consumer Tech, Consumer Goods, E-commerce, Beauty, Fitness, Marketplaces, EdTech, Digital Health, Software, PropTech, BioTech",https://www.linkedin.com/company/thefund/,,https://payhip.com/projectstartups
The House Fund,https://thehouse.fund,"Berkeley, CA (United States)","Pre-Seed, Seed, Series A",https://thehouse.fund/entrepreneurs/,"UC Berkeley Consumer/Enterprise/AI startups (Software/SaaS, Blockchain, FinTech, Gaming, eSports, Digital Health, MedTech, FoodTech, BioTech)",https://www.linkedin.com/company/the-house-fund/,https://twitter.com/thehousevc,https://payhip.com/projectstartups
The Untitled Ventures,https://www.theuntitled.vc,"London (United Kingdom), Luxembourg, Riga (Latvia)","Pre-Seed, Seed",https://www.theuntitled.vc/portfolio,"B2B Deep Tech (Artificial Intelligence/AI, Computer Vision, AgTech, MedTech, Robotics, Industrial, Data Management)",https://www.linkedin.com/company/the-untitled-ventures/,https://twitter.com/UntitledVC,https://payhip.com/projectstartups
Third Prime Capital,https://thirdprime.vc,"New York (United States), Nashville (United States)","Pre-Seed, Seed, Series A",https://thirdprime.vc/companies,"FinTech, Consumer Internet, Consumer Brands, Consumer Tech, Digital Health, Software/SaaS, Enterprise/B2B, MarTech, HRTech, EnergyTech, Real Estate Tech, Sustainability",https://www.linkedin.com/company/third-prime/,https://twitter.com/thirdprimevc,https://payhip.com/projectstartups
Tiny VC,https://www.tiny.vc,Berlin (Germany),"Pre-Seed, Seed",,"B2B Enterprise SaaS/Software, FinTech, Consumer Internet, Digital Health",,https://twitter.com/tiny_vc,https://payhip.com/projectstartups
TitleTown Tech,https://www.titletowntech.com,Green Bay - WI (United States),"Pre-Seed, Seed, Series A",https://www.titletowntech.com/portfolio,"Sports & Media & Entertainment, Digital Health, Agriculture & Water & Environment Manufacturing & Construction Tech, Supply Chain Technology, Cross Industry Technologies",https://www.linkedin.com/company/titletowntech/,https://twitter.com/TitletownTechGB,https://payhip.com/projectstartups
Token Bay Capital,https://tokenbaycapital.com,Hong Kong,"Pre-Seed, Seed, Series A",https://tokenbaycapital.com/portfolio/,"Digital Assets, Blockchain, New Token Economy, Crypto, DeFi, Web 3, NFTs, Blockchain Gaming",https://www.linkedin.com/company/tokenbaycapital/,https://twitter.com/tokenbaycapital,https://payhip.com/projectstartups
Tomahawk.VC,https://www.tomahawk.vc,Schwyz (Switzerland),"Pre-Seed, Seed, Series A",https://www.tomahawk.vc/#portfolio,"FinTech, InsurTech, Decentralized Finance, DeFi, Crypto, Enterprise Software, PropTech, HRTech",https://www.linkedin.com/company/tomahawk-vc,https://twitter.com/tomahawk_vc,https://payhip.com/projectstartups
Trilogy Equity Partners,https://trilogyequity.com,Bellevue (United States),"Pre-Seed, Seed, Series A",https://trilogyequity.com/portfolio/,"B2B Services, Enterprise Software/SaaS, Dev Tools, MarTech, Cyber Security, Consumer Internet, Consumer Products, FinTech, EdTech, E-commerce, VR Digital Media",https://www.linkedin.com/company/trilogy-equity-partners-llc/,https://twitter.com/TrilogyEquity,https://payhip.com/projectstartups
TRIVE Ventures,https://www.trive.vc,Singapore,"Pre-Seed, Seed, Series A",https://www.trive.vc/portfolio,"Sustainability (AI, Data Science, Impact Investments, DeepTech, Blockchain, B2B/Enterprise, SaaS/Software, MarTech)",https://www.linkedin.com/company/trivevc/,,https://payhip.com/projectstartups
Triventures,https://www.triventures.vc,"San Mateo (United States), Herzliya (Israel)","Pre-Seed, Seed, Series A, Series B",https://www.triventures.vc/portfolio/,"Data-Driven Health Care, Medical Devices, Digital Health, HealthTech",https://www.linkedin.com/company/triventures/,https://twitter.com/triventuresvc,https://payhip.com/projectstartups
Trucks Venture Capital,https://www.trucks.vc,San Francisco (United States),"Pre-Seed, Seed, Series A",https://www.trucks.vc/portfolio,"Future Of Transportation (Automated Vehicles, Driver Monitoring, Vehicle Maintenance, Batteries & Charging, Electric & Hydrogen Vehicle Platforms, Last-Mile Logistics, Micromobility & Mass Transit)",https://www.linkedin.com/company/trucks-vc/,https://twitter.com/trucksvc,https://payhip.com/projectstartups
TrueSight Ventures,https://www.truesight.vc,"London (United Kingdom), Stockholm (Sweden)","Pre-Seed, Seed",https://www.truesight.vc/#portfolio,"Enterprise Software/B2B SaaS, FinTech, InsurTech, Consumer, AI/ML, Cloud, Gaming, Future of Work, HealthTech, Marketplaces",,,https://payhip.com/projectstartups
Twelve Below,https://www.twelvebelow.co,New York (United States),"Pre-Seed, Seed, Series A",https://www.twelvebelow.co/#portfolio,"Software & Internet, SaaS (Fintech, Digital Healthcare, Energy, B2C, B2B)",https://www.linkedin.com/company/twelve-below-vc/,https://twitter.com/twelve_below,https://payhip.com/projectstartups
Two Lanterns Venture Partners,https://www.2l.vc,Newton (United States),"Pre-Seed, Seed, Series A",,"Enterprise Tech, Enterprise Software, AI, IoT, Hardware, Autonomous Vehicles, HealthTech, Digital Health, Wearables, Sensors",https://www.linkedin.com/company/two-lanterns-venture-partners/,,https://payhip.com/projectstartups
Underscore VC,https://underscore.vc,Boston (United States),"Pre-Seed, Seed, Series A",https://underscore.vc/portfolio/,"Enterprise HR & Management, Web 3.0, Edge Computing, Serverless, Decentralized Storage, Stablecoins, AR E-Commerce, Virtualized Marketplaces, Real Estate Tech, Construction Tech, Machine Vision, Drone Navigation",https://www.linkedin.com/company/_underscore.vc/,https://twitter.com/UnderscoreVC,https://payhip.com/projectstartups
Unshackled Ventures,https://www.unshackledvc.com,San Francisco (United States),"Pre-Seed, Seed, Series A",https://www.unshackledvc.com/companies,"Immigrants Founders (Enterprise Software, Hardware, Life Sciences, Future of Work, Digital Media, FinTech, E-commerce, Telecom, Food & Beverages, Consumer)",https://www.linkedin.com/company/unshackled/,https://twitter.com/UnshackledVC,https://payhip.com/projectstartups
Unusual Ventures,https://www.unusual.vc,"Menlo Park (United States), San Francisco (United States)","Pre-Seed, Seed, Series A",https://www.unusual.vc/portfolio,"Enterprise Tech, Enterprise Software, Consumer Tech, Consumer Internet",https://www.linkedin.com/company/unusualventures/,https://twitter.com/unusual_vc,https://payhip.com/projectstartups
Upsparks,https://www.upsparks.vc,Bangalore (India),"Pre-Seed, Seed, Series A",https://www.upsparks.vc/portfolio,"Consumer Internet, Digital B2B Businesses, Digital Health",https://www.linkedin.com/company/upsparksventures/,https://twitter.com/upsparksIN,https://payhip.com/projectstartups
UpWest,https://upwest.vc,"Palo Alto (United States), Tel Aviv (Israel)","Pre-Seed, Seed",https://upwest.vc/portfolio/,"Israeli Founders, Israeli Startups, USA Markets (Enterprise Software/SaaS, Cyber Security, Digital Health, Dev Tools)",https://www.linkedin.com/company/upwest-vc/,https://twitter.com/upwestvc,https://payhip.com/projectstartups
Veg Capital,https://vegcapital.co.uk,York (United Kingdom),"Pre-Seed, Seed, Series A",https://vegcapital.co.uk/portfolio/,"Plant-Based Future/FoodTech (Meat, Dairy, Eggs & Seafood Replacements)",https://www.linkedin.com/company/vegcapital/,https://twitter.com/vegcapital,https://payhip.com/projectstartups
Venture Highway,https://www.venturehighway.vc,"New Delhi (India), Bengaluru (India)","Pre-Seed, Seed, Series A",https://www.venturehighway.vc/#investments,"Consumer Tech/Consumer Internet, FinTech, eSports, E-commerce, Social, Enterprise/B2B, SaaS/Software, Supply Chain/Logistics",https://www.linkedin.com/company/venture-highway-llp/,https://twitter.com/venturehighway,https://payhip.com/projectstartups
Venture Investors,https://ventureinvestors.com,"Madison (United States), Milwaukee (United States), Ann Arbor (United States)","Pre-Seed, Seed, Series A",https://ventureinvestors.com/portfolio/,"Health Care/Life Sciences (Medical Devices, Tools/Diagnostics, Biopharma/BioTech, Digital Health)",https://www.linkedin.com/company/venture-investors/,https://twitter.com/VI_Funds,https://payhip.com/projectstartups
Victress Capital,https://www.victresscapital.com,Boston (United States),"Pre-Seed, Seed, Series A",https://www.victresscapital.com/the-portfolio,"Female Founders (Consumer Internet, Tech-enabled Consumer Services, Consumer Brands, Consumer Marketplaces)",https://www.linkedin.com/company/victress-capital-llc/,https://twitter.com/VictressCapital,https://payhip.com/projectstartups
Village Global,https://www.villageglobal.vc,San Francisco (United States),"Pre-Seed, Seed",https://www.villageglobal.vc/portfolio,"Software, IT, Digital Health, FinTech, SaaS, Consumer Internet",https://www.linkedin.com/company/villageglobal/,https://twitter.com/villageglobal,https://payhip.com/projectstartups
Voima Ventures,https://voimaventures.com,"Helsinki (Finland), Espoo (Finland)","Pre-Seed, Seed, Series A",https://voimaventures.com/portfolio/,"Deep Tech (BioTech, MedTech, Life Sciences, New Materials, Semiconductors, EnergyTech, Imaging & Optics, IoT, Electronics, Robotics, Software, ICT, AI, AgTech, FoodTech, Sustainability)",https://www.linkedin.com/company/voima-ventures/,https://twitter.com/voimaventures,https://payhip.com/projectstartups
Watertower Ventures,https://watertowerventures.com,Los Angeles (United States),"Pre-Seed, Seed, Series A",https://www.watertowerventures.com/portfolio,"Consumer Tech, Marketplaces, FinTech, Real Estate Tech, Digital Media, Gaming, Enterprise Software, SaaS, Internet Infrastructure",https://www.linkedin.com/company/watertowerventures/,,https://payhip.com/projectstartups
Wedbush Ventures,https://www.wedbushventures.com,Santa Monica (United States),"Pre-Seed, Seed, Series A",https://www.wedbushventures.com/portfolio,"FinTech, InsurTech, MarTech, AdTech, Cyber Security, Consumer Tech, Software Enablement",https://www.linkedin.com/company/wedbush-ventures/,,https://payhip.com/projectstartups
Weekend Fund,https://www.weekend.fund,San Francisco (United States),"Pre-Seed, Seed, Post-Seed, Pre-Series A",,"Distributed/Remote Working, Audio/Voice Technology, Digital Celebrities, Creators/Makers Tools, Software/SaaS",https://www.linkedin.com/company/weekend-fund/,https://twitter.com/weekendfund,https://payhip.com/projectstartups
WestWave Capital,https://www.westwavecapital.com,Palo Alto (United States),"Pre-Seed, Seed, Series A",https://www.westwavecapital.com/portfolio,"DeepTech (SaaS, Security, Cloud Infrastructure, Blockchain, Analytics, IoT)",https://www.linkedin.com/company/westwave/,,https://payhip.com/projectstartups
Winnow Fund,https://www.winnowfund.com,Madison (United States),"Pre-Seed, Seed",https://www.winnowfund.com/portfolio/,University and College Entrepreneurs,https://www.linkedin.com/company/winnow-fund/,,https://payhip.com/projectstartups
Wireframe Ventures,https://www.wireframevc.com,San Francisco (United States),"Pre-Seed, Seed",https://www.wireframevc.com/portfolio,"EnergyTech, Climate Change, Health Care, AI & Automation, Bioscience, Enterprise, FinTech, Retail",https://www.linkedin.com/company/wireframe-ventures/,https://twitter.com/wireframevc,https://payhip.com/projectstartups
Wonder Ventures,https://wondervc.com,Los Angeles (United States),"Pre-Seed, Seed",https://wondervc.com/portfolio/,"B2B Software/Enterprise Software/SaaS, Blockchain, Consumer, FinTech, Health Care, Marketplaces, Transportation/Logistics",https://www.linkedin.com/company/wonder-ventures/,https://twitter.com/wonderventures,https://payhip.com/projectstartups
Work Life Ventures,https://www.worklife.vc,San Francisco (United States),"Pre-Seed, Seed",https://www.worklife.vc/companies,"Tools For: (Creators, Designers, Developers, Moneymakers, Scientists, Teams)",,https://twitter.com/worklifevc,https://payhip.com/projectstartups
XFactor Ventures,https://www.xfactor.ventures,New York (United States),"Pre-Seed, Seed",https://www.xfactor.ventures/portfolio,"Female-Led Businesses, Female Founders (B2B Software, FinTech, AgTech, Health Care, Consumer Marketplaces, Consumer Products)",https://www.linkedin.com/company/xfactor-ventures/,https://twitter.com/XFactorVentures,https://payhip.com/projectstartups
York IE,https://york.ie,"Manchester (United Kingdom), Boston (United States), Ahmedabad (India)","Pre-Seed, Seed, Series A",https://york.ie/portfolio/,"B2B Software, SaaS, FinTech, MarTech, PropTech, AdTech, Cyber Security, Sports, Consumer Internet",https://www.linkedin.com/company/york-ie/,https://twitter.com/yorkgrowth,https://payhip.com/projectstartups
ZANE Venture Fund,https://www.zane.vc,Atlanta (United States),"Pre-Seed, Seed, Series A",https://www.zane.vc/portfolio,"FinTech, Cyber Security, EdTech, Supply Chain, Internet of Things, HealthTech/Wellness Technology",https://www.linkedin.com/company/zane-venture-fund/,https://twitter.com/zaneventurefund,https://payhip.com/projectstartups